
*** Running vivado
    with args -log top.vds -m64 -product Vivado -mode batch -messageDb vivado.pb -notrace -source top.tcl


****** Vivado v2018.2 (64-bit)
  **** SW Build 2258646 on Thu Jun 14 20:03:12 MDT 2018
  **** IP Build 2256618 on Thu Jun 14 22:10:49 MDT 2018
    ** Copyright 1986-2018 Xilinx, Inc. All Rights Reserved.

source top.tcl -notrace
Command: synth_design -top top -part xc7k325tffg676-1
Starting synth_design
Attempting to get a license for feature 'Synthesis' and/or device 'xc7k325t'
INFO: [Common 17-349] Got license for feature 'Synthesis' and/or device 'xc7k325t'
INFO: Launching helper process for spawning children vivado processes
INFO: Helper process launched with PID 11996 
---------------------------------------------------------------------------------
Starting RTL Elaboration : Time (s): cpu = 00:00:02 ; elapsed = 00:00:01 . Memory (MB): peak = 378.262 ; gain = 99.508
---------------------------------------------------------------------------------
INFO: [Synth 8-6157] synthesizing module 'top' [C:/Users/Emerson/Documents/fpga/project_kintex_miner/project_1/project_1.srcs/sources_1/top.v:10]
	Parameter CLK_FRE bound to: 50 - type: integer 
	Parameter UART_FRE bound to: 9600 - type: integer 
	Parameter DIFFICULTY bound to: 2100000000 - type: integer 
	Parameter RUNNING_DELAY bound to: 20 - type: integer 
	Parameter MAX_CORE bound to: 70 - type: integer 
	Parameter BUFFER_SIZE bound to: 80 - type: integer 
	Parameter STATE_RESET bound to: 3'b000 
	Parameter STATE_IDLE bound to: 3'b001 
	Parameter STATE_INIT_SHA1 bound to: 3'b010 
	Parameter STATE_RUNNING bound to: 3'b011 
	Parameter STATE_DONE_WAIT bound to: 3'b100 
	Parameter STATE_RESULT bound to: 3'b101 
	Parameter UART_IDLE bound to: 2'b00 
	Parameter UART_BUFFER_FULL bound to: 2'b01 
	Parameter UART_TRANSMIT_NONCE bound to: 2'b10 
	Parameter UART_TX_DONE bound to: 2'b11 
INFO: [Synth 8-6157] synthesizing module 'nonce_bcd_simple' [C:/Users/Emerson/Documents/fpga/project_kintex_miner/project_1/project_1.srcs/sources_1/nonce_bcd_simple.v:7]
INFO: [Synth 8-6155] done synthesizing module 'nonce_bcd_simple' (1#1) [C:/Users/Emerson/Documents/fpga/project_kintex_miner/project_1/project_1.srcs/sources_1/nonce_bcd_simple.v:7]
INFO: [Synth 8-6157] synthesizing module 'sha1_core' [C:/Users/Emerson/Documents/fpga/project_kintex_miner/project_1/project_1.srcs/sources_1/sha1_core.v:41]
	Parameter H0_0 bound to: 1732584193 - type: integer 
	Parameter H0_1 bound to: -271733879 - type: integer 
	Parameter H0_2 bound to: -1732584194 - type: integer 
	Parameter H0_3 bound to: 271733878 - type: integer 
	Parameter H0_4 bound to: -1009589776 - type: integer 
	Parameter SHA1_ROUNDS bound to: 79 - type: integer 
	Parameter CTRL_IDLE bound to: 0 - type: integer 
	Parameter CTRL_ROUNDS bound to: 1 - type: integer 
	Parameter CTRL_DONE bound to: 2 - type: integer 
INFO: [Synth 8-6157] synthesizing module 'sha1_w_mem' [C:/Users/Emerson/Documents/fpga/project_kintex_miner/project_1/project_1.srcs/sources_1/sha1_w_mem.v:41]
INFO: [Synth 8-6155] done synthesizing module 'sha1_w_mem' (2#1) [C:/Users/Emerson/Documents/fpga/project_kintex_miner/project_1/project_1.srcs/sources_1/sha1_w_mem.v:41]
INFO: [Synth 8-155] case statement is not full and has no default [C:/Users/Emerson/Documents/fpga/project_kintex_miner/project_1/project_1.srcs/sources_1/sha1_core.v:373]
INFO: [Synth 8-6155] done synthesizing module 'sha1_core' (3#1) [C:/Users/Emerson/Documents/fpga/project_kintex_miner/project_1/project_1.srcs/sources_1/sha1_core.v:41]
INFO: [Synth 8-6157] synthesizing module 'uart_rx' [C:/Users/Emerson/Documents/fpga/project_kintex_miner/project_1/project_1.srcs/sources_1/uart_rx.v:3]
	Parameter CLK_FRE bound to: 50 - type: integer 
	Parameter BAUD_RATE bound to: 9600 - type: integer 
	Parameter CYCLE bound to: 5208 - type: integer 
	Parameter S_IDLE bound to: 1 - type: integer 
	Parameter S_START bound to: 2 - type: integer 
	Parameter S_REC_BYTE bound to: 3 - type: integer 
	Parameter S_STOP bound to: 4 - type: integer 
	Parameter S_DATA bound to: 5 - type: integer 
INFO: [Synth 8-6155] done synthesizing module 'uart_rx' (4#1) [C:/Users/Emerson/Documents/fpga/project_kintex_miner/project_1/project_1.srcs/sources_1/uart_rx.v:3]
INFO: [Synth 8-6157] synthesizing module 'uart_tx' [C:/Users/Emerson/Documents/fpga/project_kintex_miner/project_1/project_1.srcs/sources_1/uart_tx.v:3]
	Parameter CLK_FRE bound to: 50 - type: integer 
	Parameter BAUD_RATE bound to: 9600 - type: integer 
	Parameter CYCLE bound to: 5208 - type: integer 
	Parameter S_IDLE bound to: 1 - type: integer 
	Parameter S_START bound to: 2 - type: integer 
	Parameter S_SEND_BYTE bound to: 3 - type: integer 
	Parameter S_STOP bound to: 4 - type: integer 
INFO: [Synth 8-6155] done synthesizing module 'uart_tx' (5#1) [C:/Users/Emerson/Documents/fpga/project_kintex_miner/project_1/project_1.srcs/sources_1/uart_tx.v:3]
WARNING: [Synth 8-6014] Unused sequential element sha1_digest_valid_reg_reg[0] was removed.  [C:/Users/Emerson/Documents/fpga/project_kintex_miner/project_1/project_1.srcs/sources_1/top.v:556]
WARNING: [Synth 8-6014] Unused sequential element sha1_digest_valid_reg_reg[1] was removed.  [C:/Users/Emerson/Documents/fpga/project_kintex_miner/project_1/project_1.srcs/sources_1/top.v:556]
WARNING: [Synth 8-6014] Unused sequential element sha1_digest_valid_reg_reg[2] was removed.  [C:/Users/Emerson/Documents/fpga/project_kintex_miner/project_1/project_1.srcs/sources_1/top.v:556]
WARNING: [Synth 8-6014] Unused sequential element sha1_digest_valid_reg_reg[3] was removed.  [C:/Users/Emerson/Documents/fpga/project_kintex_miner/project_1/project_1.srcs/sources_1/top.v:556]
WARNING: [Synth 8-6014] Unused sequential element sha1_digest_valid_reg_reg[4] was removed.  [C:/Users/Emerson/Documents/fpga/project_kintex_miner/project_1/project_1.srcs/sources_1/top.v:556]
WARNING: [Synth 8-6014] Unused sequential element sha1_digest_valid_reg_reg[5] was removed.  [C:/Users/Emerson/Documents/fpga/project_kintex_miner/project_1/project_1.srcs/sources_1/top.v:556]
WARNING: [Synth 8-6014] Unused sequential element sha1_digest_valid_reg_reg[6] was removed.  [C:/Users/Emerson/Documents/fpga/project_kintex_miner/project_1/project_1.srcs/sources_1/top.v:556]
WARNING: [Synth 8-6014] Unused sequential element sha1_digest_valid_reg_reg[7] was removed.  [C:/Users/Emerson/Documents/fpga/project_kintex_miner/project_1/project_1.srcs/sources_1/top.v:556]
WARNING: [Synth 8-6014] Unused sequential element sha1_digest_valid_reg_reg[8] was removed.  [C:/Users/Emerson/Documents/fpga/project_kintex_miner/project_1/project_1.srcs/sources_1/top.v:556]
WARNING: [Synth 8-6014] Unused sequential element sha1_digest_valid_reg_reg[9] was removed.  [C:/Users/Emerson/Documents/fpga/project_kintex_miner/project_1/project_1.srcs/sources_1/top.v:556]
WARNING: [Synth 8-6014] Unused sequential element sha1_digest_valid_reg_reg[10] was removed.  [C:/Users/Emerson/Documents/fpga/project_kintex_miner/project_1/project_1.srcs/sources_1/top.v:556]
WARNING: [Synth 8-6014] Unused sequential element sha1_digest_valid_reg_reg[11] was removed.  [C:/Users/Emerson/Documents/fpga/project_kintex_miner/project_1/project_1.srcs/sources_1/top.v:556]
WARNING: [Synth 8-6014] Unused sequential element sha1_digest_valid_reg_reg[12] was removed.  [C:/Users/Emerson/Documents/fpga/project_kintex_miner/project_1/project_1.srcs/sources_1/top.v:556]
WARNING: [Synth 8-6014] Unused sequential element sha1_digest_valid_reg_reg[13] was removed.  [C:/Users/Emerson/Documents/fpga/project_kintex_miner/project_1/project_1.srcs/sources_1/top.v:556]
WARNING: [Synth 8-6014] Unused sequential element sha1_digest_valid_reg_reg[14] was removed.  [C:/Users/Emerson/Documents/fpga/project_kintex_miner/project_1/project_1.srcs/sources_1/top.v:556]
WARNING: [Synth 8-6014] Unused sequential element sha1_digest_valid_reg_reg[15] was removed.  [C:/Users/Emerson/Documents/fpga/project_kintex_miner/project_1/project_1.srcs/sources_1/top.v:556]
WARNING: [Synth 8-6014] Unused sequential element sha1_digest_valid_reg_reg[16] was removed.  [C:/Users/Emerson/Documents/fpga/project_kintex_miner/project_1/project_1.srcs/sources_1/top.v:556]
WARNING: [Synth 8-6014] Unused sequential element sha1_digest_valid_reg_reg[17] was removed.  [C:/Users/Emerson/Documents/fpga/project_kintex_miner/project_1/project_1.srcs/sources_1/top.v:556]
WARNING: [Synth 8-6014] Unused sequential element sha1_digest_valid_reg_reg[18] was removed.  [C:/Users/Emerson/Documents/fpga/project_kintex_miner/project_1/project_1.srcs/sources_1/top.v:556]
WARNING: [Synth 8-6014] Unused sequential element sha1_digest_valid_reg_reg[19] was removed.  [C:/Users/Emerson/Documents/fpga/project_kintex_miner/project_1/project_1.srcs/sources_1/top.v:556]
WARNING: [Synth 8-6014] Unused sequential element sha1_digest_valid_reg_reg[20] was removed.  [C:/Users/Emerson/Documents/fpga/project_kintex_miner/project_1/project_1.srcs/sources_1/top.v:556]
WARNING: [Synth 8-6014] Unused sequential element sha1_digest_valid_reg_reg[21] was removed.  [C:/Users/Emerson/Documents/fpga/project_kintex_miner/project_1/project_1.srcs/sources_1/top.v:556]
WARNING: [Synth 8-6014] Unused sequential element sha1_digest_valid_reg_reg[22] was removed.  [C:/Users/Emerson/Documents/fpga/project_kintex_miner/project_1/project_1.srcs/sources_1/top.v:556]
WARNING: [Synth 8-6014] Unused sequential element sha1_digest_valid_reg_reg[23] was removed.  [C:/Users/Emerson/Documents/fpga/project_kintex_miner/project_1/project_1.srcs/sources_1/top.v:556]
WARNING: [Synth 8-6014] Unused sequential element sha1_digest_valid_reg_reg[24] was removed.  [C:/Users/Emerson/Documents/fpga/project_kintex_miner/project_1/project_1.srcs/sources_1/top.v:556]
WARNING: [Synth 8-6014] Unused sequential element sha1_digest_valid_reg_reg[25] was removed.  [C:/Users/Emerson/Documents/fpga/project_kintex_miner/project_1/project_1.srcs/sources_1/top.v:556]
WARNING: [Synth 8-6014] Unused sequential element sha1_digest_valid_reg_reg[26] was removed.  [C:/Users/Emerson/Documents/fpga/project_kintex_miner/project_1/project_1.srcs/sources_1/top.v:556]
WARNING: [Synth 8-6014] Unused sequential element sha1_digest_valid_reg_reg[27] was removed.  [C:/Users/Emerson/Documents/fpga/project_kintex_miner/project_1/project_1.srcs/sources_1/top.v:556]
WARNING: [Synth 8-6014] Unused sequential element sha1_digest_valid_reg_reg[28] was removed.  [C:/Users/Emerson/Documents/fpga/project_kintex_miner/project_1/project_1.srcs/sources_1/top.v:556]
WARNING: [Synth 8-6014] Unused sequential element sha1_digest_valid_reg_reg[29] was removed.  [C:/Users/Emerson/Documents/fpga/project_kintex_miner/project_1/project_1.srcs/sources_1/top.v:556]
WARNING: [Synth 8-6014] Unused sequential element sha1_digest_valid_reg_reg[30] was removed.  [C:/Users/Emerson/Documents/fpga/project_kintex_miner/project_1/project_1.srcs/sources_1/top.v:556]
WARNING: [Synth 8-6014] Unused sequential element sha1_digest_valid_reg_reg[31] was removed.  [C:/Users/Emerson/Documents/fpga/project_kintex_miner/project_1/project_1.srcs/sources_1/top.v:556]
WARNING: [Synth 8-6014] Unused sequential element sha1_digest_valid_reg_reg[32] was removed.  [C:/Users/Emerson/Documents/fpga/project_kintex_miner/project_1/project_1.srcs/sources_1/top.v:556]
WARNING: [Synth 8-6014] Unused sequential element sha1_digest_valid_reg_reg[33] was removed.  [C:/Users/Emerson/Documents/fpga/project_kintex_miner/project_1/project_1.srcs/sources_1/top.v:556]
WARNING: [Synth 8-6014] Unused sequential element sha1_digest_valid_reg_reg[34] was removed.  [C:/Users/Emerson/Documents/fpga/project_kintex_miner/project_1/project_1.srcs/sources_1/top.v:556]
WARNING: [Synth 8-6014] Unused sequential element sha1_digest_valid_reg_reg[35] was removed.  [C:/Users/Emerson/Documents/fpga/project_kintex_miner/project_1/project_1.srcs/sources_1/top.v:556]
WARNING: [Synth 8-6014] Unused sequential element sha1_digest_valid_reg_reg[36] was removed.  [C:/Users/Emerson/Documents/fpga/project_kintex_miner/project_1/project_1.srcs/sources_1/top.v:556]
WARNING: [Synth 8-6014] Unused sequential element sha1_digest_valid_reg_reg[37] was removed.  [C:/Users/Emerson/Documents/fpga/project_kintex_miner/project_1/project_1.srcs/sources_1/top.v:556]
WARNING: [Synth 8-6014] Unused sequential element sha1_digest_valid_reg_reg[38] was removed.  [C:/Users/Emerson/Documents/fpga/project_kintex_miner/project_1/project_1.srcs/sources_1/top.v:556]
WARNING: [Synth 8-6014] Unused sequential element sha1_digest_valid_reg_reg[39] was removed.  [C:/Users/Emerson/Documents/fpga/project_kintex_miner/project_1/project_1.srcs/sources_1/top.v:556]
WARNING: [Synth 8-6014] Unused sequential element sha1_digest_valid_reg_reg[40] was removed.  [C:/Users/Emerson/Documents/fpga/project_kintex_miner/project_1/project_1.srcs/sources_1/top.v:556]
WARNING: [Synth 8-6014] Unused sequential element sha1_digest_valid_reg_reg[41] was removed.  [C:/Users/Emerson/Documents/fpga/project_kintex_miner/project_1/project_1.srcs/sources_1/top.v:556]
WARNING: [Synth 8-6014] Unused sequential element sha1_digest_valid_reg_reg[42] was removed.  [C:/Users/Emerson/Documents/fpga/project_kintex_miner/project_1/project_1.srcs/sources_1/top.v:556]
WARNING: [Synth 8-6014] Unused sequential element sha1_digest_valid_reg_reg[43] was removed.  [C:/Users/Emerson/Documents/fpga/project_kintex_miner/project_1/project_1.srcs/sources_1/top.v:556]
WARNING: [Synth 8-6014] Unused sequential element sha1_digest_valid_reg_reg[44] was removed.  [C:/Users/Emerson/Documents/fpga/project_kintex_miner/project_1/project_1.srcs/sources_1/top.v:556]
WARNING: [Synth 8-6014] Unused sequential element sha1_digest_valid_reg_reg[45] was removed.  [C:/Users/Emerson/Documents/fpga/project_kintex_miner/project_1/project_1.srcs/sources_1/top.v:556]
WARNING: [Synth 8-6014] Unused sequential element sha1_digest_valid_reg_reg[46] was removed.  [C:/Users/Emerson/Documents/fpga/project_kintex_miner/project_1/project_1.srcs/sources_1/top.v:556]
WARNING: [Synth 8-6014] Unused sequential element sha1_digest_valid_reg_reg[47] was removed.  [C:/Users/Emerson/Documents/fpga/project_kintex_miner/project_1/project_1.srcs/sources_1/top.v:556]
WARNING: [Synth 8-6014] Unused sequential element sha1_digest_valid_reg_reg[48] was removed.  [C:/Users/Emerson/Documents/fpga/project_kintex_miner/project_1/project_1.srcs/sources_1/top.v:556]
WARNING: [Synth 8-6014] Unused sequential element sha1_digest_valid_reg_reg[49] was removed.  [C:/Users/Emerson/Documents/fpga/project_kintex_miner/project_1/project_1.srcs/sources_1/top.v:556]
WARNING: [Synth 8-6014] Unused sequential element sha1_digest_valid_reg_reg[50] was removed.  [C:/Users/Emerson/Documents/fpga/project_kintex_miner/project_1/project_1.srcs/sources_1/top.v:556]
WARNING: [Synth 8-6014] Unused sequential element sha1_digest_valid_reg_reg[51] was removed.  [C:/Users/Emerson/Documents/fpga/project_kintex_miner/project_1/project_1.srcs/sources_1/top.v:556]
WARNING: [Synth 8-6014] Unused sequential element sha1_digest_valid_reg_reg[52] was removed.  [C:/Users/Emerson/Documents/fpga/project_kintex_miner/project_1/project_1.srcs/sources_1/top.v:556]
WARNING: [Synth 8-6014] Unused sequential element sha1_digest_valid_reg_reg[53] was removed.  [C:/Users/Emerson/Documents/fpga/project_kintex_miner/project_1/project_1.srcs/sources_1/top.v:556]
WARNING: [Synth 8-6014] Unused sequential element sha1_digest_valid_reg_reg[54] was removed.  [C:/Users/Emerson/Documents/fpga/project_kintex_miner/project_1/project_1.srcs/sources_1/top.v:556]
WARNING: [Synth 8-6014] Unused sequential element sha1_digest_valid_reg_reg[55] was removed.  [C:/Users/Emerson/Documents/fpga/project_kintex_miner/project_1/project_1.srcs/sources_1/top.v:556]
WARNING: [Synth 8-6014] Unused sequential element sha1_digest_valid_reg_reg[56] was removed.  [C:/Users/Emerson/Documents/fpga/project_kintex_miner/project_1/project_1.srcs/sources_1/top.v:556]
WARNING: [Synth 8-6014] Unused sequential element sha1_digest_valid_reg_reg[57] was removed.  [C:/Users/Emerson/Documents/fpga/project_kintex_miner/project_1/project_1.srcs/sources_1/top.v:556]
WARNING: [Synth 8-6014] Unused sequential element sha1_digest_valid_reg_reg[58] was removed.  [C:/Users/Emerson/Documents/fpga/project_kintex_miner/project_1/project_1.srcs/sources_1/top.v:556]
WARNING: [Synth 8-6014] Unused sequential element sha1_digest_valid_reg_reg[59] was removed.  [C:/Users/Emerson/Documents/fpga/project_kintex_miner/project_1/project_1.srcs/sources_1/top.v:556]
WARNING: [Synth 8-6014] Unused sequential element sha1_digest_valid_reg_reg[60] was removed.  [C:/Users/Emerson/Documents/fpga/project_kintex_miner/project_1/project_1.srcs/sources_1/top.v:556]
WARNING: [Synth 8-6014] Unused sequential element sha1_digest_valid_reg_reg[61] was removed.  [C:/Users/Emerson/Documents/fpga/project_kintex_miner/project_1/project_1.srcs/sources_1/top.v:556]
WARNING: [Synth 8-6014] Unused sequential element sha1_digest_valid_reg_reg[62] was removed.  [C:/Users/Emerson/Documents/fpga/project_kintex_miner/project_1/project_1.srcs/sources_1/top.v:556]
WARNING: [Synth 8-6014] Unused sequential element sha1_digest_valid_reg_reg[63] was removed.  [C:/Users/Emerson/Documents/fpga/project_kintex_miner/project_1/project_1.srcs/sources_1/top.v:556]
WARNING: [Synth 8-6014] Unused sequential element sha1_digest_valid_reg_reg[64] was removed.  [C:/Users/Emerson/Documents/fpga/project_kintex_miner/project_1/project_1.srcs/sources_1/top.v:556]
WARNING: [Synth 8-6014] Unused sequential element sha1_digest_valid_reg_reg[65] was removed.  [C:/Users/Emerson/Documents/fpga/project_kintex_miner/project_1/project_1.srcs/sources_1/top.v:556]
WARNING: [Synth 8-6014] Unused sequential element sha1_digest_valid_reg_reg[66] was removed.  [C:/Users/Emerson/Documents/fpga/project_kintex_miner/project_1/project_1.srcs/sources_1/top.v:556]
WARNING: [Synth 8-6014] Unused sequential element sha1_digest_valid_reg_reg[67] was removed.  [C:/Users/Emerson/Documents/fpga/project_kintex_miner/project_1/project_1.srcs/sources_1/top.v:556]
WARNING: [Synth 8-6014] Unused sequential element sha1_digest_valid_reg_reg[68] was removed.  [C:/Users/Emerson/Documents/fpga/project_kintex_miner/project_1/project_1.srcs/sources_1/top.v:556]
WARNING: [Synth 8-6014] Unused sequential element sha1_digest_valid_reg_reg[69] was removed.  [C:/Users/Emerson/Documents/fpga/project_kintex_miner/project_1/project_1.srcs/sources_1/top.v:556]
INFO: [Synth 8-4471] merging register 'sha1_next_reg[1]' into 'sha1_next_reg[0]' [C:/Users/Emerson/Documents/fpga/project_kintex_miner/project_1/project_1.srcs/sources_1/top.v:398]
INFO: [Synth 8-4471] merging register 'sha1_next_reg[2]' into 'sha1_next_reg[0]' [C:/Users/Emerson/Documents/fpga/project_kintex_miner/project_1/project_1.srcs/sources_1/top.v:398]
INFO: [Synth 8-4471] merging register 'sha1_next_reg[3]' into 'sha1_next_reg[0]' [C:/Users/Emerson/Documents/fpga/project_kintex_miner/project_1/project_1.srcs/sources_1/top.v:398]
INFO: [Synth 8-4471] merging register 'sha1_next_reg[4]' into 'sha1_next_reg[0]' [C:/Users/Emerson/Documents/fpga/project_kintex_miner/project_1/project_1.srcs/sources_1/top.v:398]
INFO: [Synth 8-4471] merging register 'sha1_next_reg[5]' into 'sha1_next_reg[0]' [C:/Users/Emerson/Documents/fpga/project_kintex_miner/project_1/project_1.srcs/sources_1/top.v:398]
INFO: [Synth 8-4471] merging register 'sha1_next_reg[6]' into 'sha1_next_reg[0]' [C:/Users/Emerson/Documents/fpga/project_kintex_miner/project_1/project_1.srcs/sources_1/top.v:398]
INFO: [Synth 8-4471] merging register 'sha1_next_reg[7]' into 'sha1_next_reg[0]' [C:/Users/Emerson/Documents/fpga/project_kintex_miner/project_1/project_1.srcs/sources_1/top.v:398]
INFO: [Synth 8-4471] merging register 'sha1_next_reg[8]' into 'sha1_next_reg[0]' [C:/Users/Emerson/Documents/fpga/project_kintex_miner/project_1/project_1.srcs/sources_1/top.v:398]
INFO: [Synth 8-4471] merging register 'sha1_next_reg[9]' into 'sha1_next_reg[0]' [C:/Users/Emerson/Documents/fpga/project_kintex_miner/project_1/project_1.srcs/sources_1/top.v:398]
INFO: [Synth 8-4471] merging register 'sha1_next_reg[10]' into 'sha1_next_reg[0]' [C:/Users/Emerson/Documents/fpga/project_kintex_miner/project_1/project_1.srcs/sources_1/top.v:398]
INFO: [Synth 8-4471] merging register 'sha1_next_reg[11]' into 'sha1_next_reg[0]' [C:/Users/Emerson/Documents/fpga/project_kintex_miner/project_1/project_1.srcs/sources_1/top.v:398]
INFO: [Synth 8-4471] merging register 'sha1_next_reg[12]' into 'sha1_next_reg[0]' [C:/Users/Emerson/Documents/fpga/project_kintex_miner/project_1/project_1.srcs/sources_1/top.v:398]
INFO: [Synth 8-4471] merging register 'sha1_next_reg[13]' into 'sha1_next_reg[0]' [C:/Users/Emerson/Documents/fpga/project_kintex_miner/project_1/project_1.srcs/sources_1/top.v:398]
INFO: [Synth 8-4471] merging register 'sha1_next_reg[14]' into 'sha1_next_reg[0]' [C:/Users/Emerson/Documents/fpga/project_kintex_miner/project_1/project_1.srcs/sources_1/top.v:398]
INFO: [Synth 8-4471] merging register 'sha1_next_reg[15]' into 'sha1_next_reg[0]' [C:/Users/Emerson/Documents/fpga/project_kintex_miner/project_1/project_1.srcs/sources_1/top.v:398]
INFO: [Synth 8-4471] merging register 'sha1_next_reg[16]' into 'sha1_next_reg[0]' [C:/Users/Emerson/Documents/fpga/project_kintex_miner/project_1/project_1.srcs/sources_1/top.v:398]
INFO: [Synth 8-4471] merging register 'sha1_next_reg[17]' into 'sha1_next_reg[0]' [C:/Users/Emerson/Documents/fpga/project_kintex_miner/project_1/project_1.srcs/sources_1/top.v:398]
INFO: [Synth 8-4471] merging register 'sha1_next_reg[18]' into 'sha1_next_reg[0]' [C:/Users/Emerson/Documents/fpga/project_kintex_miner/project_1/project_1.srcs/sources_1/top.v:398]
INFO: [Synth 8-4471] merging register 'sha1_next_reg[19]' into 'sha1_next_reg[0]' [C:/Users/Emerson/Documents/fpga/project_kintex_miner/project_1/project_1.srcs/sources_1/top.v:398]
INFO: [Synth 8-4471] merging register 'sha1_next_reg[20]' into 'sha1_next_reg[0]' [C:/Users/Emerson/Documents/fpga/project_kintex_miner/project_1/project_1.srcs/sources_1/top.v:398]
INFO: [Synth 8-4471] merging register 'sha1_next_reg[21]' into 'sha1_next_reg[0]' [C:/Users/Emerson/Documents/fpga/project_kintex_miner/project_1/project_1.srcs/sources_1/top.v:398]
INFO: [Synth 8-4471] merging register 'sha1_next_reg[22]' into 'sha1_next_reg[0]' [C:/Users/Emerson/Documents/fpga/project_kintex_miner/project_1/project_1.srcs/sources_1/top.v:398]
INFO: [Synth 8-4471] merging register 'sha1_next_reg[23]' into 'sha1_next_reg[0]' [C:/Users/Emerson/Documents/fpga/project_kintex_miner/project_1/project_1.srcs/sources_1/top.v:398]
INFO: [Synth 8-4471] merging register 'sha1_next_reg[24]' into 'sha1_next_reg[0]' [C:/Users/Emerson/Documents/fpga/project_kintex_miner/project_1/project_1.srcs/sources_1/top.v:398]
INFO: [Synth 8-4471] merging register 'sha1_next_reg[25]' into 'sha1_next_reg[0]' [C:/Users/Emerson/Documents/fpga/project_kintex_miner/project_1/project_1.srcs/sources_1/top.v:398]
INFO: [Synth 8-4471] merging register 'sha1_next_reg[26]' into 'sha1_next_reg[0]' [C:/Users/Emerson/Documents/fpga/project_kintex_miner/project_1/project_1.srcs/sources_1/top.v:398]
INFO: [Synth 8-4471] merging register 'sha1_next_reg[27]' into 'sha1_next_reg[0]' [C:/Users/Emerson/Documents/fpga/project_kintex_miner/project_1/project_1.srcs/sources_1/top.v:398]
INFO: [Synth 8-4471] merging register 'sha1_next_reg[28]' into 'sha1_next_reg[0]' [C:/Users/Emerson/Documents/fpga/project_kintex_miner/project_1/project_1.srcs/sources_1/top.v:398]
INFO: [Synth 8-4471] merging register 'sha1_next_reg[29]' into 'sha1_next_reg[0]' [C:/Users/Emerson/Documents/fpga/project_kintex_miner/project_1/project_1.srcs/sources_1/top.v:398]
INFO: [Synth 8-4471] merging register 'sha1_next_reg[30]' into 'sha1_next_reg[0]' [C:/Users/Emerson/Documents/fpga/project_kintex_miner/project_1/project_1.srcs/sources_1/top.v:398]
INFO: [Synth 8-4471] merging register 'sha1_next_reg[31]' into 'sha1_next_reg[0]' [C:/Users/Emerson/Documents/fpga/project_kintex_miner/project_1/project_1.srcs/sources_1/top.v:398]
INFO: [Synth 8-4471] merging register 'sha1_next_reg[32]' into 'sha1_next_reg[0]' [C:/Users/Emerson/Documents/fpga/project_kintex_miner/project_1/project_1.srcs/sources_1/top.v:398]
INFO: [Synth 8-4471] merging register 'sha1_next_reg[33]' into 'sha1_next_reg[0]' [C:/Users/Emerson/Documents/fpga/project_kintex_miner/project_1/project_1.srcs/sources_1/top.v:398]
INFO: [Synth 8-4471] merging register 'sha1_next_reg[34]' into 'sha1_next_reg[0]' [C:/Users/Emerson/Documents/fpga/project_kintex_miner/project_1/project_1.srcs/sources_1/top.v:398]
INFO: [Synth 8-4471] merging register 'sha1_next_reg[35]' into 'sha1_next_reg[0]' [C:/Users/Emerson/Documents/fpga/project_kintex_miner/project_1/project_1.srcs/sources_1/top.v:398]
INFO: [Synth 8-4471] merging register 'sha1_next_reg[36]' into 'sha1_next_reg[0]' [C:/Users/Emerson/Documents/fpga/project_kintex_miner/project_1/project_1.srcs/sources_1/top.v:398]
INFO: [Synth 8-4471] merging register 'sha1_next_reg[37]' into 'sha1_next_reg[0]' [C:/Users/Emerson/Documents/fpga/project_kintex_miner/project_1/project_1.srcs/sources_1/top.v:398]
INFO: [Synth 8-4471] merging register 'sha1_next_reg[38]' into 'sha1_next_reg[0]' [C:/Users/Emerson/Documents/fpga/project_kintex_miner/project_1/project_1.srcs/sources_1/top.v:398]
INFO: [Synth 8-4471] merging register 'sha1_next_reg[39]' into 'sha1_next_reg[0]' [C:/Users/Emerson/Documents/fpga/project_kintex_miner/project_1/project_1.srcs/sources_1/top.v:398]
INFO: [Synth 8-4471] merging register 'sha1_next_reg[40]' into 'sha1_next_reg[0]' [C:/Users/Emerson/Documents/fpga/project_kintex_miner/project_1/project_1.srcs/sources_1/top.v:398]
INFO: [Synth 8-4471] merging register 'sha1_next_reg[41]' into 'sha1_next_reg[0]' [C:/Users/Emerson/Documents/fpga/project_kintex_miner/project_1/project_1.srcs/sources_1/top.v:398]
INFO: [Synth 8-4471] merging register 'sha1_next_reg[42]' into 'sha1_next_reg[0]' [C:/Users/Emerson/Documents/fpga/project_kintex_miner/project_1/project_1.srcs/sources_1/top.v:398]
INFO: [Synth 8-4471] merging register 'sha1_next_reg[43]' into 'sha1_next_reg[0]' [C:/Users/Emerson/Documents/fpga/project_kintex_miner/project_1/project_1.srcs/sources_1/top.v:398]
INFO: [Synth 8-4471] merging register 'sha1_next_reg[44]' into 'sha1_next_reg[0]' [C:/Users/Emerson/Documents/fpga/project_kintex_miner/project_1/project_1.srcs/sources_1/top.v:398]
INFO: [Synth 8-4471] merging register 'sha1_next_reg[45]' into 'sha1_next_reg[0]' [C:/Users/Emerson/Documents/fpga/project_kintex_miner/project_1/project_1.srcs/sources_1/top.v:398]
INFO: [Synth 8-4471] merging register 'sha1_next_reg[46]' into 'sha1_next_reg[0]' [C:/Users/Emerson/Documents/fpga/project_kintex_miner/project_1/project_1.srcs/sources_1/top.v:398]
INFO: [Synth 8-4471] merging register 'sha1_next_reg[47]' into 'sha1_next_reg[0]' [C:/Users/Emerson/Documents/fpga/project_kintex_miner/project_1/project_1.srcs/sources_1/top.v:398]
INFO: [Synth 8-4471] merging register 'sha1_next_reg[48]' into 'sha1_next_reg[0]' [C:/Users/Emerson/Documents/fpga/project_kintex_miner/project_1/project_1.srcs/sources_1/top.v:398]
INFO: [Synth 8-4471] merging register 'sha1_next_reg[49]' into 'sha1_next_reg[0]' [C:/Users/Emerson/Documents/fpga/project_kintex_miner/project_1/project_1.srcs/sources_1/top.v:398]
INFO: [Synth 8-4471] merging register 'sha1_next_reg[50]' into 'sha1_next_reg[0]' [C:/Users/Emerson/Documents/fpga/project_kintex_miner/project_1/project_1.srcs/sources_1/top.v:398]
INFO: [Synth 8-4471] merging register 'sha1_next_reg[51]' into 'sha1_next_reg[0]' [C:/Users/Emerson/Documents/fpga/project_kintex_miner/project_1/project_1.srcs/sources_1/top.v:398]
INFO: [Synth 8-4471] merging register 'sha1_next_reg[52]' into 'sha1_next_reg[0]' [C:/Users/Emerson/Documents/fpga/project_kintex_miner/project_1/project_1.srcs/sources_1/top.v:398]
INFO: [Synth 8-4471] merging register 'sha1_next_reg[53]' into 'sha1_next_reg[0]' [C:/Users/Emerson/Documents/fpga/project_kintex_miner/project_1/project_1.srcs/sources_1/top.v:398]
INFO: [Synth 8-4471] merging register 'sha1_next_reg[54]' into 'sha1_next_reg[0]' [C:/Users/Emerson/Documents/fpga/project_kintex_miner/project_1/project_1.srcs/sources_1/top.v:398]
INFO: [Synth 8-4471] merging register 'sha1_next_reg[55]' into 'sha1_next_reg[0]' [C:/Users/Emerson/Documents/fpga/project_kintex_miner/project_1/project_1.srcs/sources_1/top.v:398]
INFO: [Synth 8-4471] merging register 'sha1_next_reg[56]' into 'sha1_next_reg[0]' [C:/Users/Emerson/Documents/fpga/project_kintex_miner/project_1/project_1.srcs/sources_1/top.v:398]
INFO: [Synth 8-4471] merging register 'sha1_next_reg[57]' into 'sha1_next_reg[0]' [C:/Users/Emerson/Documents/fpga/project_kintex_miner/project_1/project_1.srcs/sources_1/top.v:398]
INFO: [Synth 8-4471] merging register 'sha1_next_reg[58]' into 'sha1_next_reg[0]' [C:/Users/Emerson/Documents/fpga/project_kintex_miner/project_1/project_1.srcs/sources_1/top.v:398]
INFO: [Synth 8-4471] merging register 'sha1_next_reg[59]' into 'sha1_next_reg[0]' [C:/Users/Emerson/Documents/fpga/project_kintex_miner/project_1/project_1.srcs/sources_1/top.v:398]
INFO: [Synth 8-4471] merging register 'sha1_next_reg[60]' into 'sha1_next_reg[0]' [C:/Users/Emerson/Documents/fpga/project_kintex_miner/project_1/project_1.srcs/sources_1/top.v:398]
INFO: [Synth 8-4471] merging register 'sha1_next_reg[61]' into 'sha1_next_reg[0]' [C:/Users/Emerson/Documents/fpga/project_kintex_miner/project_1/project_1.srcs/sources_1/top.v:398]
INFO: [Synth 8-4471] merging register 'sha1_next_reg[62]' into 'sha1_next_reg[0]' [C:/Users/Emerson/Documents/fpga/project_kintex_miner/project_1/project_1.srcs/sources_1/top.v:398]
INFO: [Synth 8-4471] merging register 'sha1_next_reg[63]' into 'sha1_next_reg[0]' [C:/Users/Emerson/Documents/fpga/project_kintex_miner/project_1/project_1.srcs/sources_1/top.v:398]
INFO: [Synth 8-4471] merging register 'sha1_next_reg[64]' into 'sha1_next_reg[0]' [C:/Users/Emerson/Documents/fpga/project_kintex_miner/project_1/project_1.srcs/sources_1/top.v:398]
INFO: [Synth 8-4471] merging register 'sha1_next_reg[65]' into 'sha1_next_reg[0]' [C:/Users/Emerson/Documents/fpga/project_kintex_miner/project_1/project_1.srcs/sources_1/top.v:398]
INFO: [Synth 8-4471] merging register 'sha1_next_reg[66]' into 'sha1_next_reg[0]' [C:/Users/Emerson/Documents/fpga/project_kintex_miner/project_1/project_1.srcs/sources_1/top.v:398]
INFO: [Synth 8-4471] merging register 'sha1_next_reg[67]' into 'sha1_next_reg[0]' [C:/Users/Emerson/Documents/fpga/project_kintex_miner/project_1/project_1.srcs/sources_1/top.v:398]
INFO: [Synth 8-4471] merging register 'sha1_next_reg[68]' into 'sha1_next_reg[0]' [C:/Users/Emerson/Documents/fpga/project_kintex_miner/project_1/project_1.srcs/sources_1/top.v:398]
INFO: [Synth 8-4471] merging register 'sha1_next_reg[69]' into 'sha1_next_reg[0]' [C:/Users/Emerson/Documents/fpga/project_kintex_miner/project_1/project_1.srcs/sources_1/top.v:398]
WARNING: [Synth 8-6014] Unused sequential element sha1_next_reg[1] was removed.  [C:/Users/Emerson/Documents/fpga/project_kintex_miner/project_1/project_1.srcs/sources_1/top.v:398]
WARNING: [Synth 8-6014] Unused sequential element sha1_next_reg[2] was removed.  [C:/Users/Emerson/Documents/fpga/project_kintex_miner/project_1/project_1.srcs/sources_1/top.v:398]
WARNING: [Synth 8-6014] Unused sequential element sha1_next_reg[3] was removed.  [C:/Users/Emerson/Documents/fpga/project_kintex_miner/project_1/project_1.srcs/sources_1/top.v:398]
WARNING: [Synth 8-6014] Unused sequential element sha1_next_reg[4] was removed.  [C:/Users/Emerson/Documents/fpga/project_kintex_miner/project_1/project_1.srcs/sources_1/top.v:398]
WARNING: [Synth 8-6014] Unused sequential element sha1_next_reg[5] was removed.  [C:/Users/Emerson/Documents/fpga/project_kintex_miner/project_1/project_1.srcs/sources_1/top.v:398]
WARNING: [Synth 8-6014] Unused sequential element sha1_next_reg[6] was removed.  [C:/Users/Emerson/Documents/fpga/project_kintex_miner/project_1/project_1.srcs/sources_1/top.v:398]
WARNING: [Synth 8-6014] Unused sequential element sha1_next_reg[7] was removed.  [C:/Users/Emerson/Documents/fpga/project_kintex_miner/project_1/project_1.srcs/sources_1/top.v:398]
WARNING: [Synth 8-6014] Unused sequential element sha1_next_reg[8] was removed.  [C:/Users/Emerson/Documents/fpga/project_kintex_miner/project_1/project_1.srcs/sources_1/top.v:398]
WARNING: [Synth 8-6014] Unused sequential element sha1_next_reg[9] was removed.  [C:/Users/Emerson/Documents/fpga/project_kintex_miner/project_1/project_1.srcs/sources_1/top.v:398]
WARNING: [Synth 8-6014] Unused sequential element sha1_next_reg[10] was removed.  [C:/Users/Emerson/Documents/fpga/project_kintex_miner/project_1/project_1.srcs/sources_1/top.v:398]
WARNING: [Synth 8-6014] Unused sequential element sha1_next_reg[11] was removed.  [C:/Users/Emerson/Documents/fpga/project_kintex_miner/project_1/project_1.srcs/sources_1/top.v:398]
WARNING: [Synth 8-6014] Unused sequential element sha1_next_reg[12] was removed.  [C:/Users/Emerson/Documents/fpga/project_kintex_miner/project_1/project_1.srcs/sources_1/top.v:398]
WARNING: [Synth 8-6014] Unused sequential element sha1_next_reg[13] was removed.  [C:/Users/Emerson/Documents/fpga/project_kintex_miner/project_1/project_1.srcs/sources_1/top.v:398]
WARNING: [Synth 8-6014] Unused sequential element sha1_next_reg[14] was removed.  [C:/Users/Emerson/Documents/fpga/project_kintex_miner/project_1/project_1.srcs/sources_1/top.v:398]
WARNING: [Synth 8-6014] Unused sequential element sha1_next_reg[15] was removed.  [C:/Users/Emerson/Documents/fpga/project_kintex_miner/project_1/project_1.srcs/sources_1/top.v:398]
WARNING: [Synth 8-6014] Unused sequential element sha1_next_reg[16] was removed.  [C:/Users/Emerson/Documents/fpga/project_kintex_miner/project_1/project_1.srcs/sources_1/top.v:398]
WARNING: [Synth 8-6014] Unused sequential element sha1_next_reg[17] was removed.  [C:/Users/Emerson/Documents/fpga/project_kintex_miner/project_1/project_1.srcs/sources_1/top.v:398]
WARNING: [Synth 8-6014] Unused sequential element sha1_next_reg[18] was removed.  [C:/Users/Emerson/Documents/fpga/project_kintex_miner/project_1/project_1.srcs/sources_1/top.v:398]
WARNING: [Synth 8-6014] Unused sequential element sha1_next_reg[19] was removed.  [C:/Users/Emerson/Documents/fpga/project_kintex_miner/project_1/project_1.srcs/sources_1/top.v:398]
WARNING: [Synth 8-6014] Unused sequential element sha1_next_reg[20] was removed.  [C:/Users/Emerson/Documents/fpga/project_kintex_miner/project_1/project_1.srcs/sources_1/top.v:398]
WARNING: [Synth 8-6014] Unused sequential element sha1_next_reg[21] was removed.  [C:/Users/Emerson/Documents/fpga/project_kintex_miner/project_1/project_1.srcs/sources_1/top.v:398]
WARNING: [Synth 8-6014] Unused sequential element sha1_next_reg[22] was removed.  [C:/Users/Emerson/Documents/fpga/project_kintex_miner/project_1/project_1.srcs/sources_1/top.v:398]
WARNING: [Synth 8-6014] Unused sequential element sha1_next_reg[23] was removed.  [C:/Users/Emerson/Documents/fpga/project_kintex_miner/project_1/project_1.srcs/sources_1/top.v:398]
WARNING: [Synth 8-6014] Unused sequential element sha1_next_reg[24] was removed.  [C:/Users/Emerson/Documents/fpga/project_kintex_miner/project_1/project_1.srcs/sources_1/top.v:398]
WARNING: [Synth 8-6014] Unused sequential element sha1_next_reg[25] was removed.  [C:/Users/Emerson/Documents/fpga/project_kintex_miner/project_1/project_1.srcs/sources_1/top.v:398]
WARNING: [Synth 8-6014] Unused sequential element sha1_next_reg[26] was removed.  [C:/Users/Emerson/Documents/fpga/project_kintex_miner/project_1/project_1.srcs/sources_1/top.v:398]
WARNING: [Synth 8-6014] Unused sequential element sha1_next_reg[27] was removed.  [C:/Users/Emerson/Documents/fpga/project_kintex_miner/project_1/project_1.srcs/sources_1/top.v:398]
WARNING: [Synth 8-6014] Unused sequential element sha1_next_reg[28] was removed.  [C:/Users/Emerson/Documents/fpga/project_kintex_miner/project_1/project_1.srcs/sources_1/top.v:398]
WARNING: [Synth 8-6014] Unused sequential element sha1_next_reg[29] was removed.  [C:/Users/Emerson/Documents/fpga/project_kintex_miner/project_1/project_1.srcs/sources_1/top.v:398]
WARNING: [Synth 8-6014] Unused sequential element sha1_next_reg[30] was removed.  [C:/Users/Emerson/Documents/fpga/project_kintex_miner/project_1/project_1.srcs/sources_1/top.v:398]
INFO: [Common 17-14] Message 'Synth 8-6014' appears 100 times and further instances of the messages will be disabled. Use the Tcl command set_msg_config to change the current settings.
INFO: [Synth 8-4471] merging register 'sha1_init_reg[1]' into 'sha1_init_reg[0]' [C:/Users/Emerson/Documents/fpga/project_kintex_miner/project_1/project_1.srcs/sources_1/top.v:397]
INFO: [Synth 8-4471] merging register 'sha1_init_reg[2]' into 'sha1_init_reg[0]' [C:/Users/Emerson/Documents/fpga/project_kintex_miner/project_1/project_1.srcs/sources_1/top.v:397]
INFO: [Synth 8-4471] merging register 'sha1_init_reg[3]' into 'sha1_init_reg[0]' [C:/Users/Emerson/Documents/fpga/project_kintex_miner/project_1/project_1.srcs/sources_1/top.v:397]
INFO: [Synth 8-4471] merging register 'sha1_init_reg[4]' into 'sha1_init_reg[0]' [C:/Users/Emerson/Documents/fpga/project_kintex_miner/project_1/project_1.srcs/sources_1/top.v:397]
INFO: [Synth 8-4471] merging register 'sha1_init_reg[5]' into 'sha1_init_reg[0]' [C:/Users/Emerson/Documents/fpga/project_kintex_miner/project_1/project_1.srcs/sources_1/top.v:397]
INFO: [Synth 8-4471] merging register 'sha1_init_reg[6]' into 'sha1_init_reg[0]' [C:/Users/Emerson/Documents/fpga/project_kintex_miner/project_1/project_1.srcs/sources_1/top.v:397]
INFO: [Synth 8-4471] merging register 'sha1_init_reg[7]' into 'sha1_init_reg[0]' [C:/Users/Emerson/Documents/fpga/project_kintex_miner/project_1/project_1.srcs/sources_1/top.v:397]
INFO: [Synth 8-4471] merging register 'sha1_init_reg[8]' into 'sha1_init_reg[0]' [C:/Users/Emerson/Documents/fpga/project_kintex_miner/project_1/project_1.srcs/sources_1/top.v:397]
INFO: [Synth 8-4471] merging register 'sha1_init_reg[9]' into 'sha1_init_reg[0]' [C:/Users/Emerson/Documents/fpga/project_kintex_miner/project_1/project_1.srcs/sources_1/top.v:397]
INFO: [Synth 8-4471] merging register 'sha1_init_reg[10]' into 'sha1_init_reg[0]' [C:/Users/Emerson/Documents/fpga/project_kintex_miner/project_1/project_1.srcs/sources_1/top.v:397]
INFO: [Synth 8-4471] merging register 'sha1_init_reg[11]' into 'sha1_init_reg[0]' [C:/Users/Emerson/Documents/fpga/project_kintex_miner/project_1/project_1.srcs/sources_1/top.v:397]
INFO: [Synth 8-4471] merging register 'sha1_init_reg[12]' into 'sha1_init_reg[0]' [C:/Users/Emerson/Documents/fpga/project_kintex_miner/project_1/project_1.srcs/sources_1/top.v:397]
INFO: [Synth 8-4471] merging register 'sha1_init_reg[13]' into 'sha1_init_reg[0]' [C:/Users/Emerson/Documents/fpga/project_kintex_miner/project_1/project_1.srcs/sources_1/top.v:397]
INFO: [Synth 8-4471] merging register 'sha1_init_reg[14]' into 'sha1_init_reg[0]' [C:/Users/Emerson/Documents/fpga/project_kintex_miner/project_1/project_1.srcs/sources_1/top.v:397]
INFO: [Synth 8-4471] merging register 'sha1_init_reg[15]' into 'sha1_init_reg[0]' [C:/Users/Emerson/Documents/fpga/project_kintex_miner/project_1/project_1.srcs/sources_1/top.v:397]
INFO: [Synth 8-4471] merging register 'sha1_init_reg[16]' into 'sha1_init_reg[0]' [C:/Users/Emerson/Documents/fpga/project_kintex_miner/project_1/project_1.srcs/sources_1/top.v:397]
INFO: [Synth 8-4471] merging register 'sha1_init_reg[17]' into 'sha1_init_reg[0]' [C:/Users/Emerson/Documents/fpga/project_kintex_miner/project_1/project_1.srcs/sources_1/top.v:397]
INFO: [Synth 8-4471] merging register 'sha1_init_reg[18]' into 'sha1_init_reg[0]' [C:/Users/Emerson/Documents/fpga/project_kintex_miner/project_1/project_1.srcs/sources_1/top.v:397]
INFO: [Synth 8-4471] merging register 'sha1_init_reg[19]' into 'sha1_init_reg[0]' [C:/Users/Emerson/Documents/fpga/project_kintex_miner/project_1/project_1.srcs/sources_1/top.v:397]
INFO: [Synth 8-4471] merging register 'sha1_init_reg[20]' into 'sha1_init_reg[0]' [C:/Users/Emerson/Documents/fpga/project_kintex_miner/project_1/project_1.srcs/sources_1/top.v:397]
INFO: [Synth 8-4471] merging register 'sha1_init_reg[21]' into 'sha1_init_reg[0]' [C:/Users/Emerson/Documents/fpga/project_kintex_miner/project_1/project_1.srcs/sources_1/top.v:397]
INFO: [Synth 8-4471] merging register 'sha1_init_reg[22]' into 'sha1_init_reg[0]' [C:/Users/Emerson/Documents/fpga/project_kintex_miner/project_1/project_1.srcs/sources_1/top.v:397]
INFO: [Synth 8-4471] merging register 'sha1_init_reg[23]' into 'sha1_init_reg[0]' [C:/Users/Emerson/Documents/fpga/project_kintex_miner/project_1/project_1.srcs/sources_1/top.v:397]
INFO: [Synth 8-4471] merging register 'sha1_init_reg[24]' into 'sha1_init_reg[0]' [C:/Users/Emerson/Documents/fpga/project_kintex_miner/project_1/project_1.srcs/sources_1/top.v:397]
INFO: [Synth 8-4471] merging register 'sha1_init_reg[25]' into 'sha1_init_reg[0]' [C:/Users/Emerson/Documents/fpga/project_kintex_miner/project_1/project_1.srcs/sources_1/top.v:397]
INFO: [Synth 8-4471] merging register 'sha1_init_reg[26]' into 'sha1_init_reg[0]' [C:/Users/Emerson/Documents/fpga/project_kintex_miner/project_1/project_1.srcs/sources_1/top.v:397]
INFO: [Synth 8-4471] merging register 'sha1_init_reg[27]' into 'sha1_init_reg[0]' [C:/Users/Emerson/Documents/fpga/project_kintex_miner/project_1/project_1.srcs/sources_1/top.v:397]
INFO: [Synth 8-4471] merging register 'sha1_init_reg[28]' into 'sha1_init_reg[0]' [C:/Users/Emerson/Documents/fpga/project_kintex_miner/project_1/project_1.srcs/sources_1/top.v:397]
INFO: [Synth 8-4471] merging register 'sha1_init_reg[29]' into 'sha1_init_reg[0]' [C:/Users/Emerson/Documents/fpga/project_kintex_miner/project_1/project_1.srcs/sources_1/top.v:397]
INFO: [Synth 8-4471] merging register 'sha1_init_reg[30]' into 'sha1_init_reg[0]' [C:/Users/Emerson/Documents/fpga/project_kintex_miner/project_1/project_1.srcs/sources_1/top.v:397]
INFO: [Synth 8-4471] merging register 'sha1_init_reg[31]' into 'sha1_init_reg[0]' [C:/Users/Emerson/Documents/fpga/project_kintex_miner/project_1/project_1.srcs/sources_1/top.v:397]
INFO: [Common 17-14] Message 'Synth 8-4471' appears 100 times and further instances of the messages will be disabled. Use the Tcl command set_msg_config to change the current settings.
WARNING: [Synth 8-5788] Register buffer_reg[0] in module top is has both Set and reset with same priority. This may cause simulation mismatches. Consider rewriting code  [C:/Users/Emerson/Documents/fpga/project_kintex_miner/project_1/project_1.srcs/sources_1/top.v:318]
WARNING: [Synth 8-5788] Register buffer_reg[1] in module top is has both Set and reset with same priority. This may cause simulation mismatches. Consider rewriting code  [C:/Users/Emerson/Documents/fpga/project_kintex_miner/project_1/project_1.srcs/sources_1/top.v:318]
WARNING: [Synth 8-5788] Register buffer_reg[2] in module top is has both Set and reset with same priority. This may cause simulation mismatches. Consider rewriting code  [C:/Users/Emerson/Documents/fpga/project_kintex_miner/project_1/project_1.srcs/sources_1/top.v:318]
WARNING: [Synth 8-5788] Register buffer_reg[3] in module top is has both Set and reset with same priority. This may cause simulation mismatches. Consider rewriting code  [C:/Users/Emerson/Documents/fpga/project_kintex_miner/project_1/project_1.srcs/sources_1/top.v:318]
WARNING: [Synth 8-5788] Register buffer_reg[4] in module top is has both Set and reset with same priority. This may cause simulation mismatches. Consider rewriting code  [C:/Users/Emerson/Documents/fpga/project_kintex_miner/project_1/project_1.srcs/sources_1/top.v:318]
WARNING: [Synth 8-5788] Register buffer_reg[5] in module top is has both Set and reset with same priority. This may cause simulation mismatches. Consider rewriting code  [C:/Users/Emerson/Documents/fpga/project_kintex_miner/project_1/project_1.srcs/sources_1/top.v:318]
WARNING: [Synth 8-5788] Register buffer_reg[6] in module top is has both Set and reset with same priority. This may cause simulation mismatches. Consider rewriting code  [C:/Users/Emerson/Documents/fpga/project_kintex_miner/project_1/project_1.srcs/sources_1/top.v:318]
WARNING: [Synth 8-5788] Register buffer_reg[7] in module top is has both Set and reset with same priority. This may cause simulation mismatches. Consider rewriting code  [C:/Users/Emerson/Documents/fpga/project_kintex_miner/project_1/project_1.srcs/sources_1/top.v:318]
WARNING: [Synth 8-5788] Register buffer_reg[8] in module top is has both Set and reset with same priority. This may cause simulation mismatches. Consider rewriting code  [C:/Users/Emerson/Documents/fpga/project_kintex_miner/project_1/project_1.srcs/sources_1/top.v:318]
WARNING: [Synth 8-5788] Register buffer_reg[9] in module top is has both Set and reset with same priority. This may cause simulation mismatches. Consider rewriting code  [C:/Users/Emerson/Documents/fpga/project_kintex_miner/project_1/project_1.srcs/sources_1/top.v:318]
WARNING: [Synth 8-5788] Register buffer_reg[10] in module top is has both Set and reset with same priority. This may cause simulation mismatches. Consider rewriting code  [C:/Users/Emerson/Documents/fpga/project_kintex_miner/project_1/project_1.srcs/sources_1/top.v:318]
WARNING: [Synth 8-5788] Register buffer_reg[11] in module top is has both Set and reset with same priority. This may cause simulation mismatches. Consider rewriting code  [C:/Users/Emerson/Documents/fpga/project_kintex_miner/project_1/project_1.srcs/sources_1/top.v:318]
WARNING: [Synth 8-5788] Register buffer_reg[12] in module top is has both Set and reset with same priority. This may cause simulation mismatches. Consider rewriting code  [C:/Users/Emerson/Documents/fpga/project_kintex_miner/project_1/project_1.srcs/sources_1/top.v:318]
WARNING: [Synth 8-5788] Register buffer_reg[13] in module top is has both Set and reset with same priority. This may cause simulation mismatches. Consider rewriting code  [C:/Users/Emerson/Documents/fpga/project_kintex_miner/project_1/project_1.srcs/sources_1/top.v:318]
WARNING: [Synth 8-5788] Register buffer_reg[14] in module top is has both Set and reset with same priority. This may cause simulation mismatches. Consider rewriting code  [C:/Users/Emerson/Documents/fpga/project_kintex_miner/project_1/project_1.srcs/sources_1/top.v:318]
WARNING: [Synth 8-5788] Register buffer_reg[15] in module top is has both Set and reset with same priority. This may cause simulation mismatches. Consider rewriting code  [C:/Users/Emerson/Documents/fpga/project_kintex_miner/project_1/project_1.srcs/sources_1/top.v:318]
WARNING: [Synth 8-5788] Register buffer_reg[16] in module top is has both Set and reset with same priority. This may cause simulation mismatches. Consider rewriting code  [C:/Users/Emerson/Documents/fpga/project_kintex_miner/project_1/project_1.srcs/sources_1/top.v:318]
WARNING: [Synth 8-5788] Register buffer_reg[17] in module top is has both Set and reset with same priority. This may cause simulation mismatches. Consider rewriting code  [C:/Users/Emerson/Documents/fpga/project_kintex_miner/project_1/project_1.srcs/sources_1/top.v:318]
WARNING: [Synth 8-5788] Register buffer_reg[18] in module top is has both Set and reset with same priority. This may cause simulation mismatches. Consider rewriting code  [C:/Users/Emerson/Documents/fpga/project_kintex_miner/project_1/project_1.srcs/sources_1/top.v:318]
WARNING: [Synth 8-5788] Register buffer_reg[19] in module top is has both Set and reset with same priority. This may cause simulation mismatches. Consider rewriting code  [C:/Users/Emerson/Documents/fpga/project_kintex_miner/project_1/project_1.srcs/sources_1/top.v:318]
WARNING: [Synth 8-5788] Register buffer_reg[20] in module top is has both Set and reset with same priority. This may cause simulation mismatches. Consider rewriting code  [C:/Users/Emerson/Documents/fpga/project_kintex_miner/project_1/project_1.srcs/sources_1/top.v:318]
WARNING: [Synth 8-5788] Register buffer_reg[21] in module top is has both Set and reset with same priority. This may cause simulation mismatches. Consider rewriting code  [C:/Users/Emerson/Documents/fpga/project_kintex_miner/project_1/project_1.srcs/sources_1/top.v:318]
WARNING: [Synth 8-5788] Register buffer_reg[22] in module top is has both Set and reset with same priority. This may cause simulation mismatches. Consider rewriting code  [C:/Users/Emerson/Documents/fpga/project_kintex_miner/project_1/project_1.srcs/sources_1/top.v:318]
WARNING: [Synth 8-5788] Register buffer_reg[23] in module top is has both Set and reset with same priority. This may cause simulation mismatches. Consider rewriting code  [C:/Users/Emerson/Documents/fpga/project_kintex_miner/project_1/project_1.srcs/sources_1/top.v:318]
WARNING: [Synth 8-5788] Register buffer_reg[24] in module top is has both Set and reset with same priority. This may cause simulation mismatches. Consider rewriting code  [C:/Users/Emerson/Documents/fpga/project_kintex_miner/project_1/project_1.srcs/sources_1/top.v:318]
WARNING: [Synth 8-5788] Register buffer_reg[25] in module top is has both Set and reset with same priority. This may cause simulation mismatches. Consider rewriting code  [C:/Users/Emerson/Documents/fpga/project_kintex_miner/project_1/project_1.srcs/sources_1/top.v:318]
WARNING: [Synth 8-5788] Register buffer_reg[26] in module top is has both Set and reset with same priority. This may cause simulation mismatches. Consider rewriting code  [C:/Users/Emerson/Documents/fpga/project_kintex_miner/project_1/project_1.srcs/sources_1/top.v:318]
WARNING: [Synth 8-5788] Register buffer_reg[27] in module top is has both Set and reset with same priority. This may cause simulation mismatches. Consider rewriting code  [C:/Users/Emerson/Documents/fpga/project_kintex_miner/project_1/project_1.srcs/sources_1/top.v:318]
WARNING: [Synth 8-5788] Register buffer_reg[28] in module top is has both Set and reset with same priority. This may cause simulation mismatches. Consider rewriting code  [C:/Users/Emerson/Documents/fpga/project_kintex_miner/project_1/project_1.srcs/sources_1/top.v:318]
WARNING: [Synth 8-5788] Register buffer_reg[29] in module top is has both Set and reset with same priority. This may cause simulation mismatches. Consider rewriting code  [C:/Users/Emerson/Documents/fpga/project_kintex_miner/project_1/project_1.srcs/sources_1/top.v:318]
WARNING: [Synth 8-5788] Register buffer_reg[30] in module top is has both Set and reset with same priority. This may cause simulation mismatches. Consider rewriting code  [C:/Users/Emerson/Documents/fpga/project_kintex_miner/project_1/project_1.srcs/sources_1/top.v:318]
WARNING: [Synth 8-5788] Register buffer_reg[31] in module top is has both Set and reset with same priority. This may cause simulation mismatches. Consider rewriting code  [C:/Users/Emerson/Documents/fpga/project_kintex_miner/project_1/project_1.srcs/sources_1/top.v:318]
WARNING: [Synth 8-5788] Register buffer_reg[32] in module top is has both Set and reset with same priority. This may cause simulation mismatches. Consider rewriting code  [C:/Users/Emerson/Documents/fpga/project_kintex_miner/project_1/project_1.srcs/sources_1/top.v:318]
WARNING: [Synth 8-5788] Register buffer_reg[33] in module top is has both Set and reset with same priority. This may cause simulation mismatches. Consider rewriting code  [C:/Users/Emerson/Documents/fpga/project_kintex_miner/project_1/project_1.srcs/sources_1/top.v:318]
WARNING: [Synth 8-5788] Register buffer_reg[34] in module top is has both Set and reset with same priority. This may cause simulation mismatches. Consider rewriting code  [C:/Users/Emerson/Documents/fpga/project_kintex_miner/project_1/project_1.srcs/sources_1/top.v:318]
WARNING: [Synth 8-5788] Register buffer_reg[35] in module top is has both Set and reset with same priority. This may cause simulation mismatches. Consider rewriting code  [C:/Users/Emerson/Documents/fpga/project_kintex_miner/project_1/project_1.srcs/sources_1/top.v:318]
WARNING: [Synth 8-5788] Register buffer_reg[36] in module top is has both Set and reset with same priority. This may cause simulation mismatches. Consider rewriting code  [C:/Users/Emerson/Documents/fpga/project_kintex_miner/project_1/project_1.srcs/sources_1/top.v:318]
WARNING: [Synth 8-5788] Register buffer_reg[37] in module top is has both Set and reset with same priority. This may cause simulation mismatches. Consider rewriting code  [C:/Users/Emerson/Documents/fpga/project_kintex_miner/project_1/project_1.srcs/sources_1/top.v:318]
WARNING: [Synth 8-5788] Register buffer_reg[38] in module top is has both Set and reset with same priority. This may cause simulation mismatches. Consider rewriting code  [C:/Users/Emerson/Documents/fpga/project_kintex_miner/project_1/project_1.srcs/sources_1/top.v:318]
WARNING: [Synth 8-5788] Register buffer_reg[39] in module top is has both Set and reset with same priority. This may cause simulation mismatches. Consider rewriting code  [C:/Users/Emerson/Documents/fpga/project_kintex_miner/project_1/project_1.srcs/sources_1/top.v:318]
WARNING: [Synth 8-5788] Register buffer_reg[40] in module top is has both Set and reset with same priority. This may cause simulation mismatches. Consider rewriting code  [C:/Users/Emerson/Documents/fpga/project_kintex_miner/project_1/project_1.srcs/sources_1/top.v:318]
WARNING: [Synth 8-5788] Register buffer_reg[41] in module top is has both Set and reset with same priority. This may cause simulation mismatches. Consider rewriting code  [C:/Users/Emerson/Documents/fpga/project_kintex_miner/project_1/project_1.srcs/sources_1/top.v:318]
WARNING: [Synth 8-5788] Register buffer_reg[42] in module top is has both Set and reset with same priority. This may cause simulation mismatches. Consider rewriting code  [C:/Users/Emerson/Documents/fpga/project_kintex_miner/project_1/project_1.srcs/sources_1/top.v:318]
WARNING: [Synth 8-5788] Register buffer_reg[43] in module top is has both Set and reset with same priority. This may cause simulation mismatches. Consider rewriting code  [C:/Users/Emerson/Documents/fpga/project_kintex_miner/project_1/project_1.srcs/sources_1/top.v:318]
WARNING: [Synth 8-5788] Register buffer_reg[44] in module top is has both Set and reset with same priority. This may cause simulation mismatches. Consider rewriting code  [C:/Users/Emerson/Documents/fpga/project_kintex_miner/project_1/project_1.srcs/sources_1/top.v:318]
WARNING: [Synth 8-5788] Register buffer_reg[45] in module top is has both Set and reset with same priority. This may cause simulation mismatches. Consider rewriting code  [C:/Users/Emerson/Documents/fpga/project_kintex_miner/project_1/project_1.srcs/sources_1/top.v:318]
WARNING: [Synth 8-5788] Register buffer_reg[46] in module top is has both Set and reset with same priority. This may cause simulation mismatches. Consider rewriting code  [C:/Users/Emerson/Documents/fpga/project_kintex_miner/project_1/project_1.srcs/sources_1/top.v:318]
WARNING: [Synth 8-5788] Register buffer_reg[47] in module top is has both Set and reset with same priority. This may cause simulation mismatches. Consider rewriting code  [C:/Users/Emerson/Documents/fpga/project_kintex_miner/project_1/project_1.srcs/sources_1/top.v:318]
WARNING: [Synth 8-5788] Register buffer_reg[48] in module top is has both Set and reset with same priority. This may cause simulation mismatches. Consider rewriting code  [C:/Users/Emerson/Documents/fpga/project_kintex_miner/project_1/project_1.srcs/sources_1/top.v:318]
WARNING: [Synth 8-5788] Register buffer_reg[49] in module top is has both Set and reset with same priority. This may cause simulation mismatches. Consider rewriting code  [C:/Users/Emerson/Documents/fpga/project_kintex_miner/project_1/project_1.srcs/sources_1/top.v:318]
WARNING: [Synth 8-5788] Register buffer_reg[50] in module top is has both Set and reset with same priority. This may cause simulation mismatches. Consider rewriting code  [C:/Users/Emerson/Documents/fpga/project_kintex_miner/project_1/project_1.srcs/sources_1/top.v:318]
WARNING: [Synth 8-5788] Register buffer_reg[51] in module top is has both Set and reset with same priority. This may cause simulation mismatches. Consider rewriting code  [C:/Users/Emerson/Documents/fpga/project_kintex_miner/project_1/project_1.srcs/sources_1/top.v:318]
WARNING: [Synth 8-5788] Register buffer_reg[52] in module top is has both Set and reset with same priority. This may cause simulation mismatches. Consider rewriting code  [C:/Users/Emerson/Documents/fpga/project_kintex_miner/project_1/project_1.srcs/sources_1/top.v:318]
WARNING: [Synth 8-5788] Register buffer_reg[53] in module top is has both Set and reset with same priority. This may cause simulation mismatches. Consider rewriting code  [C:/Users/Emerson/Documents/fpga/project_kintex_miner/project_1/project_1.srcs/sources_1/top.v:318]
WARNING: [Synth 8-5788] Register buffer_reg[54] in module top is has both Set and reset with same priority. This may cause simulation mismatches. Consider rewriting code  [C:/Users/Emerson/Documents/fpga/project_kintex_miner/project_1/project_1.srcs/sources_1/top.v:318]
WARNING: [Synth 8-5788] Register buffer_reg[55] in module top is has both Set and reset with same priority. This may cause simulation mismatches. Consider rewriting code  [C:/Users/Emerson/Documents/fpga/project_kintex_miner/project_1/project_1.srcs/sources_1/top.v:318]
WARNING: [Synth 8-5788] Register buffer_reg[56] in module top is has both Set and reset with same priority. This may cause simulation mismatches. Consider rewriting code  [C:/Users/Emerson/Documents/fpga/project_kintex_miner/project_1/project_1.srcs/sources_1/top.v:318]
WARNING: [Synth 8-5788] Register buffer_reg[57] in module top is has both Set and reset with same priority. This may cause simulation mismatches. Consider rewriting code  [C:/Users/Emerson/Documents/fpga/project_kintex_miner/project_1/project_1.srcs/sources_1/top.v:318]
WARNING: [Synth 8-5788] Register buffer_reg[58] in module top is has both Set and reset with same priority. This may cause simulation mismatches. Consider rewriting code  [C:/Users/Emerson/Documents/fpga/project_kintex_miner/project_1/project_1.srcs/sources_1/top.v:318]
WARNING: [Synth 8-5788] Register buffer_reg[59] in module top is has both Set and reset with same priority. This may cause simulation mismatches. Consider rewriting code  [C:/Users/Emerson/Documents/fpga/project_kintex_miner/project_1/project_1.srcs/sources_1/top.v:318]
WARNING: [Synth 8-5788] Register buffer_reg[60] in module top is has both Set and reset with same priority. This may cause simulation mismatches. Consider rewriting code  [C:/Users/Emerson/Documents/fpga/project_kintex_miner/project_1/project_1.srcs/sources_1/top.v:318]
WARNING: [Synth 8-5788] Register buffer_reg[61] in module top is has both Set and reset with same priority. This may cause simulation mismatches. Consider rewriting code  [C:/Users/Emerson/Documents/fpga/project_kintex_miner/project_1/project_1.srcs/sources_1/top.v:318]
WARNING: [Synth 8-5788] Register buffer_reg[62] in module top is has both Set and reset with same priority. This may cause simulation mismatches. Consider rewriting code  [C:/Users/Emerson/Documents/fpga/project_kintex_miner/project_1/project_1.srcs/sources_1/top.v:318]
WARNING: [Synth 8-5788] Register buffer_reg[63] in module top is has both Set and reset with same priority. This may cause simulation mismatches. Consider rewriting code  [C:/Users/Emerson/Documents/fpga/project_kintex_miner/project_1/project_1.srcs/sources_1/top.v:318]
WARNING: [Synth 8-5788] Register buffer_reg[64] in module top is has both Set and reset with same priority. This may cause simulation mismatches. Consider rewriting code  [C:/Users/Emerson/Documents/fpga/project_kintex_miner/project_1/project_1.srcs/sources_1/top.v:318]
WARNING: [Synth 8-5788] Register buffer_reg[65] in module top is has both Set and reset with same priority. This may cause simulation mismatches. Consider rewriting code  [C:/Users/Emerson/Documents/fpga/project_kintex_miner/project_1/project_1.srcs/sources_1/top.v:318]
WARNING: [Synth 8-5788] Register buffer_reg[66] in module top is has both Set and reset with same priority. This may cause simulation mismatches. Consider rewriting code  [C:/Users/Emerson/Documents/fpga/project_kintex_miner/project_1/project_1.srcs/sources_1/top.v:318]
WARNING: [Synth 8-5788] Register buffer_reg[67] in module top is has both Set and reset with same priority. This may cause simulation mismatches. Consider rewriting code  [C:/Users/Emerson/Documents/fpga/project_kintex_miner/project_1/project_1.srcs/sources_1/top.v:318]
WARNING: [Synth 8-5788] Register buffer_reg[68] in module top is has both Set and reset with same priority. This may cause simulation mismatches. Consider rewriting code  [C:/Users/Emerson/Documents/fpga/project_kintex_miner/project_1/project_1.srcs/sources_1/top.v:318]
WARNING: [Synth 8-5788] Register buffer_reg[69] in module top is has both Set and reset with same priority. This may cause simulation mismatches. Consider rewriting code  [C:/Users/Emerson/Documents/fpga/project_kintex_miner/project_1/project_1.srcs/sources_1/top.v:318]
WARNING: [Synth 8-5788] Register buffer_reg[70] in module top is has both Set and reset with same priority. This may cause simulation mismatches. Consider rewriting code  [C:/Users/Emerson/Documents/fpga/project_kintex_miner/project_1/project_1.srcs/sources_1/top.v:318]
WARNING: [Synth 8-5788] Register buffer_reg[71] in module top is has both Set and reset with same priority. This may cause simulation mismatches. Consider rewriting code  [C:/Users/Emerson/Documents/fpga/project_kintex_miner/project_1/project_1.srcs/sources_1/top.v:318]
WARNING: [Synth 8-5788] Register buffer_reg[72] in module top is has both Set and reset with same priority. This may cause simulation mismatches. Consider rewriting code  [C:/Users/Emerson/Documents/fpga/project_kintex_miner/project_1/project_1.srcs/sources_1/top.v:318]
WARNING: [Synth 8-5788] Register buffer_reg[73] in module top is has both Set and reset with same priority. This may cause simulation mismatches. Consider rewriting code  [C:/Users/Emerson/Documents/fpga/project_kintex_miner/project_1/project_1.srcs/sources_1/top.v:318]
WARNING: [Synth 8-5788] Register buffer_reg[74] in module top is has both Set and reset with same priority. This may cause simulation mismatches. Consider rewriting code  [C:/Users/Emerson/Documents/fpga/project_kintex_miner/project_1/project_1.srcs/sources_1/top.v:318]
WARNING: [Synth 8-5788] Register buffer_reg[75] in module top is has both Set and reset with same priority. This may cause simulation mismatches. Consider rewriting code  [C:/Users/Emerson/Documents/fpga/project_kintex_miner/project_1/project_1.srcs/sources_1/top.v:318]
WARNING: [Synth 8-5788] Register buffer_reg[76] in module top is has both Set and reset with same priority. This may cause simulation mismatches. Consider rewriting code  [C:/Users/Emerson/Documents/fpga/project_kintex_miner/project_1/project_1.srcs/sources_1/top.v:318]
WARNING: [Synth 8-5788] Register buffer_reg[77] in module top is has both Set and reset with same priority. This may cause simulation mismatches. Consider rewriting code  [C:/Users/Emerson/Documents/fpga/project_kintex_miner/project_1/project_1.srcs/sources_1/top.v:318]
WARNING: [Synth 8-5788] Register buffer_reg[78] in module top is has both Set and reset with same priority. This may cause simulation mismatches. Consider rewriting code  [C:/Users/Emerson/Documents/fpga/project_kintex_miner/project_1/project_1.srcs/sources_1/top.v:318]
WARNING: [Synth 8-5788] Register buffer_reg[79] in module top is has both Set and reset with same priority. This may cause simulation mismatches. Consider rewriting code  [C:/Users/Emerson/Documents/fpga/project_kintex_miner/project_1/project_1.srcs/sources_1/top.v:318]
INFO: [Synth 8-6155] done synthesizing module 'top' (6#1) [C:/Users/Emerson/Documents/fpga/project_kintex_miner/project_1/project_1.srcs/sources_1/top.v:10]
---------------------------------------------------------------------------------
Finished RTL Elaboration : Time (s): cpu = 00:00:04 ; elapsed = 00:00:04 . Memory (MB): peak = 535.875 ; gain = 257.121
---------------------------------------------------------------------------------

Report Check Netlist: 
+------+------------------+-------+---------+-------+------------------+
|      |Item              |Errors |Warnings |Status |Description       |
+------+------------------+-------+---------+-------+------------------+
|1     |multi_driven_nets |      0|        0|Passed |Multi driven nets |
+------+------------------+-------+---------+-------+------------------+
---------------------------------------------------------------------------------
Start Handling Custom Attributes
---------------------------------------------------------------------------------
---------------------------------------------------------------------------------
Finished Handling Custom Attributes : Time (s): cpu = 00:00:04 ; elapsed = 00:00:04 . Memory (MB): peak = 535.875 ; gain = 257.121
---------------------------------------------------------------------------------
---------------------------------------------------------------------------------
Finished RTL Optimization Phase 1 : Time (s): cpu = 00:00:04 ; elapsed = 00:00:04 . Memory (MB): peak = 535.875 ; gain = 257.121
---------------------------------------------------------------------------------
INFO: [Device 21-403] Loading part xc7k325tffg676-1
INFO: [Project 1-570] Preparing netlist for logic optimization

Processing XDC Constraints
Initializing timing engine
Parsing XDC File [C:/Users/Emerson/Documents/fpga/project_kintex_miner/project_1/project_1.srcs/constrs_1/new/LED_KEY.xdc]
WARNING: [Vivado 12-584] No ports matched 'sw2'. [C:/Users/Emerson/Documents/fpga/project_kintex_miner/project_1/project_1.srcs/constrs_1/new/LED_KEY.xdc:18]
CRITICAL WARNING: [Common 17-55] 'set_property' expects at least one object. [C:/Users/Emerson/Documents/fpga/project_kintex_miner/project_1/project_1.srcs/constrs_1/new/LED_KEY.xdc:18]
Resolution: If [get_<value>] was used to populate the object, check to make sure this command returns at least one valid object.
WARNING: [Vivado 12-584] No ports matched 'sw2'. [C:/Users/Emerson/Documents/fpga/project_kintex_miner/project_1/project_1.srcs/constrs_1/new/LED_KEY.xdc:19]
CRITICAL WARNING: [Common 17-55] 'set_property' expects at least one object. [C:/Users/Emerson/Documents/fpga/project_kintex_miner/project_1/project_1.srcs/constrs_1/new/LED_KEY.xdc:19]
Resolution: If [get_<value>] was used to populate the object, check to make sure this command returns at least one valid object.
Finished Parsing XDC File [C:/Users/Emerson/Documents/fpga/project_kintex_miner/project_1/project_1.srcs/constrs_1/new/LED_KEY.xdc]
INFO: [Project 1-236] Implementation specific constraints were found while reading constraint file [C:/Users/Emerson/Documents/fpga/project_kintex_miner/project_1/project_1.srcs/constrs_1/new/LED_KEY.xdc]. These constraints will be ignored for synthesis but will be used in implementation. Impacted constraints are listed in the file [.Xil/top_propImpl.xdc].
Resolution: To avoid this warning, move constraints listed in [.Xil/top_propImpl.xdc] to another XDC file and exclude this new file from synthesis with the used_in_synthesis property (File Properties dialog in GUI) and re-run elaboration/synthesis.
Completed Processing XDC Constraints

INFO: [Project 1-111] Unisim Transformation Summary:
No Unisim elements were transformed.

Constraint Validation Runtime : Time (s): cpu = 00:00:00 ; elapsed = 00:00:00.076 . Memory (MB): peak = 1385.094 ; gain = 0.000
---------------------------------------------------------------------------------
Finished Constraint Validation : Time (s): cpu = 00:00:39 ; elapsed = 00:00:36 . Memory (MB): peak = 1387.980 ; gain = 1109.227
---------------------------------------------------------------------------------
---------------------------------------------------------------------------------
Start Loading Part and Timing Information
---------------------------------------------------------------------------------
Loading part: xc7k325tffg676-1
---------------------------------------------------------------------------------
Finished Loading Part and Timing Information : Time (s): cpu = 00:00:39 ; elapsed = 00:00:36 . Memory (MB): peak = 1387.980 ; gain = 1109.227
---------------------------------------------------------------------------------
---------------------------------------------------------------------------------
Start Applying 'set_property' XDC Constraints
---------------------------------------------------------------------------------
---------------------------------------------------------------------------------
Finished applying 'set_property' XDC Constraints : Time (s): cpu = 00:00:39 ; elapsed = 00:00:36 . Memory (MB): peak = 1387.980 ; gain = 1109.227
---------------------------------------------------------------------------------
INFO: [Synth 8-802] inferred FSM for state register 'state_reg' in module 'uart_rx'
INFO: [Synth 8-5546] ROM "bit_cnt" won't be mapped to RAM because it is too sparse
INFO: [Synth 8-5546] ROM "next_state" won't be mapped to RAM because it is too sparse
INFO: [Synth 8-5546] ROM "next_state" won't be mapped to RAM because it is too sparse
INFO: [Synth 8-5544] ROM "next_state" won't be mapped to Block RAM because address size (1) smaller than threshold (5)
INFO: [Synth 8-5546] ROM "next_state" won't be mapped to RAM because it is too sparse
INFO: [Synth 8-5544] ROM "next_state" won't be mapped to Block RAM because address size (1) smaller than threshold (5)
INFO: [Synth 8-5546] ROM "next_state" won't be mapped to RAM because it is too sparse
INFO: [Synth 8-5544] ROM "next_state" won't be mapped to Block RAM because address size (1) smaller than threshold (5)
INFO: [Synth 8-802] inferred FSM for state register 'state_reg' in module 'uart_tx'
INFO: [Synth 8-5546] ROM "bit_cnt" won't be mapped to RAM because it is too sparse
INFO: [Synth 8-5546] ROM "next_state" won't be mapped to RAM because it is too sparse
INFO: [Synth 8-5546] ROM "next_state" won't be mapped to RAM because it is too sparse
INFO: [Synth 8-5544] ROM "next_state" won't be mapped to Block RAM because address size (1) smaller than threshold (5)
INFO: [Synth 8-5546] ROM "next_state" won't be mapped to RAM because it is too sparse
INFO: [Synth 8-5544] ROM "next_state" won't be mapped to Block RAM because address size (1) smaller than threshold (5)
INFO: [Synth 8-5546] ROM "next_state" won't be mapped to RAM because it is too sparse
INFO: [Synth 8-5545] ROM "digit_count" won't be mapped to RAM because address size (32) is larger than maximum supported(25)
INFO: [Synth 8-5845] Not enough pipeline registers after wide multiplier. Recommended levels of pipeline registers is 2 [C:/Users/Emerson/Documents/fpga/project_kintex_miner/project_1/project_1.srcs/sources_1/nonce_bcd_simple.v:52]
INFO: [Synth 8-5545] ROM "digit_count" won't be mapped to RAM because address size (32) is larger than maximum supported(25)
INFO: [Synth 8-5544] ROM "digit_count8" won't be mapped to Block RAM because address size (1) smaller than threshold (5)
INFO: [Synth 8-802] inferred FSM for state register 'sha1_ctrl_reg_reg' in module 'sha1_core'
INFO: [Synth 8-5546] ROM "sha1_ctrl_we" won't be mapped to RAM because it is too sparse
INFO: [Synth 8-5544] ROM "digest_valid_new" won't be mapped to Block RAM because address size (2) smaller than threshold (5)
INFO: [Synth 8-5544] ROM "state_update" won't be mapped to Block RAM because address size (2) smaller than threshold (5)
INFO: [Synth 8-5544] ROM "ready_flag" won't be mapped to Block RAM because address size (2) smaller than threshold (5)
INFO: [Synth 8-5546] ROM "sha1_ctrl_new" won't be mapped to RAM because it is too sparse
INFO: [Synth 8-5546] ROM "sha1_ctrl_we" won't be mapped to RAM because it is too sparse
INFO: [Synth 8-5544] ROM "digest_valid_new" won't be mapped to Block RAM because address size (2) smaller than threshold (5)
INFO: [Synth 8-5544] ROM "state_update" won't be mapped to Block RAM because address size (2) smaller than threshold (5)
INFO: [Synth 8-5544] ROM "ready_flag" won't be mapped to Block RAM because address size (2) smaller than threshold (5)
INFO: [Synth 8-5546] ROM "sha1_ctrl_new" won't be mapped to RAM because it is too sparse
INFO: [Synth 8-5544] ROM "H0_new" won't be mapped to Block RAM because address size (1) smaller than threshold (5)
INFO: [Synth 8-5544] ROM "H1_new" won't be mapped to Block RAM because address size (1) smaller than threshold (5)
INFO: [Synth 8-5544] ROM "H2_new" won't be mapped to Block RAM because address size (1) smaller than threshold (5)
INFO: [Synth 8-5544] ROM "H3_new" won't be mapped to Block RAM because address size (1) smaller than threshold (5)
INFO: [Synth 8-5544] ROM "H4_new" won't be mapped to Block RAM because address size (1) smaller than threshold (5)
INFO: [Synth 8-802] inferred FSM for state register 'state_reg' in module 'top'
INFO: [Synth 8-802] inferred FSM for state register 'uart_state_reg' in module 'top'
INFO: [Synth 8-5546] ROM "buffer_reg[0]" won't be mapped to RAM because it is too sparse
INFO: [Synth 8-5546] ROM "buffer_reg[1]" won't be mapped to RAM because it is too sparse
INFO: [Synth 8-5546] ROM "buffer_reg[2]" won't be mapped to RAM because it is too sparse
INFO: [Synth 8-5546] ROM "buffer_reg[3]" won't be mapped to RAM because it is too sparse
INFO: [Synth 8-5546] ROM "buffer_reg[4]" won't be mapped to RAM because it is too sparse
INFO: [Synth 8-5546] ROM "buffer_reg[5]" won't be mapped to RAM because it is too sparse
INFO: [Synth 8-5546] ROM "buffer_reg[6]" won't be mapped to RAM because it is too sparse
INFO: [Synth 8-5546] ROM "buffer_reg[7]" won't be mapped to RAM because it is too sparse
INFO: [Synth 8-5546] ROM "buffer_reg[8]" won't be mapped to RAM because it is too sparse
INFO: [Synth 8-5546] ROM "buffer_reg[9]" won't be mapped to RAM because it is too sparse
INFO: [Synth 8-5546] ROM "buffer_reg[10]" won't be mapped to RAM because it is too sparse
INFO: [Synth 8-5546] ROM "buffer_reg[11]" won't be mapped to RAM because it is too sparse
INFO: [Synth 8-5546] ROM "buffer_reg[12]" won't be mapped to RAM because it is too sparse
INFO: [Synth 8-5546] ROM "buffer_reg[13]" won't be mapped to RAM because it is too sparse
INFO: [Synth 8-5546] ROM "buffer_reg[14]" won't be mapped to RAM because it is too sparse
INFO: [Synth 8-5546] ROM "buffer_reg[15]" won't be mapped to RAM because it is too sparse
INFO: [Synth 8-5546] ROM "buffer_reg[16]" won't be mapped to RAM because it is too sparse
INFO: [Synth 8-5546] ROM "buffer_reg[17]" won't be mapped to RAM because it is too sparse
INFO: [Synth 8-5546] ROM "buffer_reg[18]" won't be mapped to RAM because it is too sparse
INFO: [Synth 8-5546] ROM "buffer_reg[19]" won't be mapped to RAM because it is too sparse
INFO: [Synth 8-5546] ROM "buffer_reg[20]" won't be mapped to RAM because it is too sparse
INFO: [Synth 8-5546] ROM "buffer_reg[21]" won't be mapped to RAM because it is too sparse
INFO: [Synth 8-5546] ROM "buffer_reg[22]" won't be mapped to RAM because it is too sparse
INFO: [Synth 8-5546] ROM "buffer_reg[23]" won't be mapped to RAM because it is too sparse
INFO: [Synth 8-5546] ROM "buffer_reg[24]" won't be mapped to RAM because it is too sparse
INFO: [Synth 8-5546] ROM "buffer_reg[25]" won't be mapped to RAM because it is too sparse
INFO: [Synth 8-5546] ROM "buffer_reg[26]" won't be mapped to RAM because it is too sparse
INFO: [Synth 8-5546] ROM "buffer_reg[27]" won't be mapped to RAM because it is too sparse
INFO: [Synth 8-5546] ROM "buffer_reg[28]" won't be mapped to RAM because it is too sparse
INFO: [Synth 8-5546] ROM "buffer_reg[29]" won't be mapped to RAM because it is too sparse
INFO: [Synth 8-5546] ROM "buffer_reg[30]" won't be mapped to RAM because it is too sparse
INFO: [Synth 8-5546] ROM "buffer_reg[31]" won't be mapped to RAM because it is too sparse
INFO: [Synth 8-5546] ROM "buffer_reg[32]" won't be mapped to RAM because it is too sparse
INFO: [Synth 8-5546] ROM "buffer_reg[33]" won't be mapped to RAM because it is too sparse
INFO: [Synth 8-5546] ROM "buffer_reg[34]" won't be mapped to RAM because it is too sparse
INFO: [Synth 8-5546] ROM "buffer_reg[35]" won't be mapped to RAM because it is too sparse
INFO: [Synth 8-5546] ROM "buffer_reg[36]" won't be mapped to RAM because it is too sparse
INFO: [Synth 8-5546] ROM "buffer_reg[37]" won't be mapped to RAM because it is too sparse
INFO: [Synth 8-5546] ROM "buffer_reg[38]" won't be mapped to RAM because it is too sparse
INFO: [Synth 8-5546] ROM "buffer_reg[39]" won't be mapped to RAM because it is too sparse
INFO: [Synth 8-5546] ROM "buffer_reg[40]" won't be mapped to RAM because it is too sparse
INFO: [Synth 8-5546] ROM "buffer_reg[41]" won't be mapped to RAM because it is too sparse
INFO: [Synth 8-5546] ROM "buffer_reg[42]" won't be mapped to RAM because it is too sparse
INFO: [Synth 8-5546] ROM "buffer_reg[43]" won't be mapped to RAM because it is too sparse
INFO: [Synth 8-5546] ROM "buffer_reg[44]" won't be mapped to RAM because it is too sparse
INFO: [Synth 8-5546] ROM "buffer_reg[45]" won't be mapped to RAM because it is too sparse
INFO: [Synth 8-5546] ROM "buffer_reg[46]" won't be mapped to RAM because it is too sparse
INFO: [Synth 8-5546] ROM "buffer_reg[47]" won't be mapped to RAM because it is too sparse
INFO: [Synth 8-5546] ROM "buffer_reg[48]" won't be mapped to RAM because it is too sparse
INFO: [Synth 8-5546] ROM "buffer_reg[49]" won't be mapped to RAM because it is too sparse
INFO: [Synth 8-5546] ROM "buffer_reg[50]" won't be mapped to RAM because it is too sparse
INFO: [Synth 8-5546] ROM "buffer_reg[51]" won't be mapped to RAM because it is too sparse
INFO: [Synth 8-5546] ROM "buffer_reg[52]" won't be mapped to RAM because it is too sparse
INFO: [Synth 8-5546] ROM "buffer_reg[53]" won't be mapped to RAM because it is too sparse
INFO: [Synth 8-5546] ROM "buffer_reg[54]" won't be mapped to RAM because it is too sparse
INFO: [Synth 8-5546] ROM "buffer_reg[55]" won't be mapped to RAM because it is too sparse
INFO: [Synth 8-5546] ROM "buffer_reg[56]" won't be mapped to RAM because it is too sparse
INFO: [Synth 8-5546] ROM "buffer_reg[57]" won't be mapped to RAM because it is too sparse
INFO: [Synth 8-5546] ROM "buffer_reg[58]" won't be mapped to RAM because it is too sparse
INFO: [Synth 8-5546] ROM "buffer_reg[59]" won't be mapped to RAM because it is too sparse
INFO: [Synth 8-5546] ROM "buffer_reg[60]" won't be mapped to RAM because it is too sparse
INFO: [Synth 8-5546] ROM "buffer_reg[61]" won't be mapped to RAM because it is too sparse
INFO: [Synth 8-5546] ROM "buffer_reg[62]" won't be mapped to RAM because it is too sparse
INFO: [Synth 8-5546] ROM "buffer_reg[63]" won't be mapped to RAM because it is too sparse
INFO: [Synth 8-5546] ROM "buffer_reg[64]" won't be mapped to RAM because it is too sparse
INFO: [Synth 8-5546] ROM "buffer_reg[65]" won't be mapped to RAM because it is too sparse
INFO: [Synth 8-5546] ROM "buffer_reg[66]" won't be mapped to RAM because it is too sparse
INFO: [Synth 8-5546] ROM "buffer_reg[67]" won't be mapped to RAM because it is too sparse
INFO: [Synth 8-5546] ROM "buffer_reg[68]" won't be mapped to RAM because it is too sparse
INFO: [Synth 8-5546] ROM "buffer_reg[69]" won't be mapped to RAM because it is too sparse
INFO: [Synth 8-5546] ROM "buffer_reg[70]" won't be mapped to RAM because it is too sparse
INFO: [Synth 8-5546] ROM "buffer_reg[71]" won't be mapped to RAM because it is too sparse
INFO: [Synth 8-5546] ROM "buffer_reg[72]" won't be mapped to RAM because it is too sparse
INFO: [Synth 8-5546] ROM "buffer_reg[73]" won't be mapped to RAM because it is too sparse
INFO: [Synth 8-5546] ROM "buffer_reg[74]" won't be mapped to RAM because it is too sparse
INFO: [Synth 8-5546] ROM "buffer_reg[75]" won't be mapped to RAM because it is too sparse
INFO: [Synth 8-5546] ROM "buffer_reg[76]" won't be mapped to RAM because it is too sparse
INFO: [Synth 8-5546] ROM "buffer_reg[77]" won't be mapped to RAM because it is too sparse
INFO: [Synth 8-5546] ROM "buffer_reg[78]" won't be mapped to RAM because it is too sparse
INFO: [Synth 8-5546] ROM "buffer_reg[79]" won't be mapped to RAM because it is too sparse
INFO: [Synth 8-5544] ROM "sha1_init" won't be mapped to Block RAM because address size (3) smaller than threshold (5)
INFO: [Synth 8-5544] ROM "led_2_output" won't be mapped to Block RAM because address size (3) smaller than threshold (5)
INFO: [Synth 8-5544] ROM "running_timer" won't be mapped to Block RAM because address size (3) smaller than threshold (5)
INFO: [Synth 8-5544] ROM "state" won't be mapped to Block RAM because address size (1) smaller than threshold (5)
INFO: [Synth 8-5544] ROM "uart_tx_done_signal" won't be mapped to Block RAM because address size (2) smaller than threshold (5)
INFO: [Synth 8-5544] ROM "sha1_start" won't be mapped to Block RAM because address size (2) smaller than threshold (5)
INFO: [Synth 8-5546] ROM "buffer_reg[0]" won't be mapped to RAM because it is too sparse
INFO: [Synth 8-5546] ROM "buffer_reg[1]" won't be mapped to RAM because it is too sparse
INFO: [Synth 8-5546] ROM "buffer_reg[2]" won't be mapped to RAM because it is too sparse
INFO: [Synth 8-5546] ROM "buffer_reg[3]" won't be mapped to RAM because it is too sparse
INFO: [Synth 8-5546] ROM "buffer_reg[4]" won't be mapped to RAM because it is too sparse
INFO: [Synth 8-5546] ROM "buffer_reg[5]" won't be mapped to RAM because it is too sparse
INFO: [Common 17-14] Message 'Synth 8-5546' appears 100 times and further instances of the messages will be disabled. Use the Tcl command set_msg_config to change the current settings.
INFO: [Synth 8-5544] ROM "sha1_init" won't be mapped to Block RAM because address size (3) smaller than threshold (5)
INFO: [Synth 8-5544] ROM "led_2_output" won't be mapped to Block RAM because address size (3) smaller than threshold (5)
INFO: [Synth 8-5544] ROM "running_timer" won't be mapped to Block RAM because address size (3) smaller than threshold (5)
INFO: [Synth 8-5544] ROM "state" won't be mapped to Block RAM because address size (1) smaller than threshold (5)
INFO: [Synth 8-5544] ROM "uart_tx_done_signal" won't be mapped to Block RAM because address size (2) smaller than threshold (5)
INFO: [Synth 8-5544] ROM "sha1_start" won't be mapped to Block RAM because address size (2) smaller than threshold (5)
---------------------------------------------------------------------------------------------------
                   State |                     New Encoding |                Previous Encoding 
---------------------------------------------------------------------------------------------------
                  S_IDLE |                            00001 |                              001
                 S_START |                            10000 |                              010
              S_REC_BYTE |                            01000 |                              011
                  S_STOP |                            00100 |                              100
                  S_DATA |                            00010 |                              101
---------------------------------------------------------------------------------------------------
INFO: [Synth 8-3354] encoded FSM with state register 'state_reg' using encoding 'one-hot' in module 'uart_rx'
---------------------------------------------------------------------------------------------------
                   State |                     New Encoding |                Previous Encoding 
---------------------------------------------------------------------------------------------------
                  S_IDLE |                             0001 |                              001
                 S_START |                             0010 |                              010
             S_SEND_BYTE |                             0100 |                              011
                  S_STOP |                             1000 |                              100
---------------------------------------------------------------------------------------------------
INFO: [Synth 8-3354] encoded FSM with state register 'state_reg' using encoding 'one-hot' in module 'uart_tx'
---------------------------------------------------------------------------------------------------
                   State |                     New Encoding |                Previous Encoding 
---------------------------------------------------------------------------------------------------
               CTRL_IDLE |                               00 |                               00
             CTRL_ROUNDS |                               01 |                               01
               CTRL_DONE |                               10 |                               10
---------------------------------------------------------------------------------------------------
INFO: [Synth 8-3354] encoded FSM with state register 'sha1_ctrl_reg_reg' using encoding 'sequential' in module 'sha1_core'
---------------------------------------------------------------------------------------------------
                   State |                     New Encoding |                Previous Encoding 
---------------------------------------------------------------------------------------------------
               UART_IDLE |                               00 |                               00
        UART_BUFFER_FULL |                               01 |                               01
     UART_TRANSMIT_NONCE |                               10 |                               10
            UART_TX_DONE |                               11 |                               11
---------------------------------------------------------------------------------------------------
INFO: [Synth 8-3354] encoded FSM with state register 'uart_state_reg' using encoding 'sequential' in module 'top'
---------------------------------------------------------------------------------------------------
                   State |                     New Encoding |                Previous Encoding 
---------------------------------------------------------------------------------------------------
             STATE_RESET |                           000001 |                              000
              STATE_IDLE |                           000010 |                              001
         STATE_INIT_SHA1 |                           000100 |                              010
           STATE_RUNNING |                           001000 |                              011
         STATE_DONE_WAIT |                           010000 |                              100
            STATE_RESULT |                           100000 |                              101
---------------------------------------------------------------------------------------------------
INFO: [Synth 8-3354] encoded FSM with state register 'state_reg' using encoding 'one-hot' in module 'top'
---------------------------------------------------------------------------------
Finished RTL Optimization Phase 2 : Time (s): cpu = 00:00:45 ; elapsed = 00:00:42 . Memory (MB): peak = 1387.980 ; gain = 1109.227
---------------------------------------------------------------------------------

Report RTL Partitions: 
+------+--------------+------------+----------+
|      |RTL Partition |Replication |Instances |
+------+--------------+------------+----------+
|1     |sha1_core     |          70|      6022|
|2     |top__GCB0     |           1|     38005|
|3     |top__GCB1     |           1|     23238|
|4     |top__GCB2     |           1|     26660|
|5     |top__GCB3     |           1|     25021|
|6     |top__GCB4     |           1|     33972|
|7     |top__GCB5     |           1|     22968|
|8     |top__GCB6     |           1|     39789|
|9     |top__GCB7     |           1|     32439|
|10    |top__GCB8     |           1|     17664|
|11    |top__GCB9     |           1|     35701|
|12    |top__GCB10    |           1|     25536|
|13    |top__GCB11    |           1|     27260|
|14    |top__GCB12    |           1|     15427|
|15    |top__GCB13    |           1|     35397|
|16    |top__GCB14    |           1|     26292|
|17    |top__GCB15    |           1|     23629|
+------+--------------+------------+----------+
---------------------------------------------------------------------------------
Start RTL Component Statistics 
---------------------------------------------------------------------------------
Detailed RTL Component Info : 
+---Adders : 
	   5 Input     32 Bit       Adders := 70    
	   3 Input     32 Bit       Adders := 70    
	   4 Input     32 Bit       Adders := 70    
	   2 Input     32 Bit       Adders := 70    
	   2 Input     31 Bit       Adders := 1     
	   2 Input     16 Bit       Adders := 2     
	   2 Input      9 Bit       Adders := 70    
	   2 Input      7 Bit       Adders := 141   
	   2 Input      5 Bit       Adders := 1     
	   2 Input      4 Bit       Adders := 40    
	   2 Input      3 Bit       Adders := 2     
+---XORs : 
	   4 Input     32 Bit         XORs := 70    
	   2 Input     32 Bit         XORs := 70    
	   3 Input     32 Bit         XORs := 140   
+---Registers : 
	              160 Bit    Registers := 70    
	               32 Bit    Registers := 1473  
	               16 Bit    Registers := 2     
	                8 Bit    Registers := 84    
	                7 Bit    Registers := 141   
	                5 Bit    Registers := 1     
	                3 Bit    Registers := 2     
	                1 Bit    Registers := 82    
+---Multipliers : 
	                 3x30  Multipliers := 70    
+---Muxes : 
	   2 Input     32 Bit        Muxes := 3361  
	   5 Input     32 Bit        Muxes := 70    
	   6 Input     32 Bit        Muxes := 2     
	   4 Input     32 Bit        Muxes := 1     
	   2 Input     31 Bit        Muxes := 1     
	   2 Input     16 Bit        Muxes := 2     
	   4 Input      8 Bit        Muxes := 2     
	   2 Input      8 Bit        Muxes := 2     
	   2 Input      7 Bit        Muxes := 140   
	   4 Input      7 Bit        Muxes := 1     
	   6 Input      6 Bit        Muxes := 1     
	   2 Input      6 Bit        Muxes := 1     
	   4 Input      5 Bit        Muxes := 1     
	   5 Input      5 Bit        Muxes := 1     
	   2 Input      5 Bit        Muxes := 5     
	  10 Input      4 Bit        Muxes := 560   
	   2 Input      4 Bit        Muxes := 324   
	   4 Input      4 Bit        Muxes := 1     
	   5 Input      3 Bit        Muxes := 72    
	   2 Input      3 Bit        Muxes := 287   
	   4 Input      3 Bit        Muxes := 2     
	   3 Input      2 Bit        Muxes := 140   
	   2 Input      2 Bit        Muxes := 215   
	   4 Input      2 Bit        Muxes := 1     
	   2 Input      1 Bit        Muxes := 650   
	   3 Input      1 Bit        Muxes := 491   
	   6 Input      1 Bit        Muxes := 8     
	   4 Input      1 Bit        Muxes := 86    
---------------------------------------------------------------------------------
Finished RTL Component Statistics 
---------------------------------------------------------------------------------
---------------------------------------------------------------------------------
Start RTL Hierarchical Component Statistics 
---------------------------------------------------------------------------------
Hierarchical RTL Component report 
Module top 
Detailed RTL Component Info : 
+---Adders : 
	   2 Input     32 Bit       Adders := 70    
	   2 Input     31 Bit       Adders := 1     
	   2 Input      9 Bit       Adders := 70    
	   2 Input      7 Bit       Adders := 1     
	   2 Input      5 Bit       Adders := 1     
	   2 Input      4 Bit       Adders := 40    
+---Registers : 
	              160 Bit    Registers := 70    
	               32 Bit    Registers := 3     
	                8 Bit    Registers := 81    
	                7 Bit    Registers := 1     
	                5 Bit    Registers := 1     
	                1 Bit    Registers := 7     
+---Muxes : 
	   6 Input     32 Bit        Muxes := 2     
	   2 Input     32 Bit        Muxes := 1     
	   4 Input     32 Bit        Muxes := 1     
	   2 Input     31 Bit        Muxes := 1     
	   4 Input      8 Bit        Muxes := 2     
	   2 Input      8 Bit        Muxes := 1     
	   4 Input      7 Bit        Muxes := 1     
	   6 Input      6 Bit        Muxes := 1     
	   2 Input      6 Bit        Muxes := 1     
	   4 Input      5 Bit        Muxes := 1     
	   2 Input      4 Bit        Muxes := 40    
	   4 Input      2 Bit        Muxes := 1     
	   2 Input      2 Bit        Muxes := 1     
	   2 Input      1 Bit        Muxes := 83    
	   6 Input      1 Bit        Muxes := 8     
	   4 Input      1 Bit        Muxes := 86    
Module sha1_w_mem 
Detailed RTL Component Info : 
+---Adders : 
	   2 Input      7 Bit       Adders := 1     
+---XORs : 
	   4 Input     32 Bit         XORs := 1     
+---Registers : 
	               32 Bit    Registers := 16    
	                7 Bit    Registers := 1     
+---Muxes : 
	   2 Input     32 Bit        Muxes := 33    
	   2 Input      7 Bit        Muxes := 1     
	   2 Input      1 Bit        Muxes := 2     
Module sha1_core 
Detailed RTL Component Info : 
+---Adders : 
	   5 Input     32 Bit       Adders := 1     
	   2 Input      7 Bit       Adders := 1     
+---XORs : 
	   2 Input     32 Bit         XORs := 1     
	   3 Input     32 Bit         XORs := 2     
+---Registers : 
	               32 Bit    Registers := 5     
	                7 Bit    Registers := 1     
	                1 Bit    Registers := 1     
+---Muxes : 
	   5 Input     32 Bit        Muxes := 1     
	   2 Input     32 Bit        Muxes := 15    
	   2 Input      7 Bit        Muxes := 1     
	   3 Input      2 Bit        Muxes := 1     
	   2 Input      2 Bit        Muxes := 3     
	   2 Input      1 Bit        Muxes := 6     
	   3 Input      1 Bit        Muxes := 7     
Module nonce_bcd_simple__1 
Detailed RTL Component Info : 
+---Adders : 
	   3 Input     32 Bit       Adders := 1     
	   4 Input     32 Bit       Adders := 1     
+---Multipliers : 
	                 3x30  Multipliers := 1     
+---Muxes : 
	  10 Input      4 Bit        Muxes := 8     
	   2 Input      4 Bit        Muxes := 4     
	   5 Input      3 Bit        Muxes := 1     
	   2 Input      3 Bit        Muxes := 4     
	   3 Input      2 Bit        Muxes := 1     
Module nonce_bcd_simple__2 
Detailed RTL Component Info : 
+---Adders : 
	   3 Input     32 Bit       Adders := 1     
	   4 Input     32 Bit       Adders := 1     
+---Multipliers : 
	                 3x30  Multipliers := 1     
+---Muxes : 
	  10 Input      4 Bit        Muxes := 8     
	   2 Input      4 Bit        Muxes := 4     
	   5 Input      3 Bit        Muxes := 1     
	   2 Input      3 Bit        Muxes := 4     
	   3 Input      2 Bit        Muxes := 1     
Module nonce_bcd_simple__3 
Detailed RTL Component Info : 
+---Adders : 
	   3 Input     32 Bit       Adders := 1     
	   4 Input     32 Bit       Adders := 1     
+---Multipliers : 
	                 3x30  Multipliers := 1     
+---Muxes : 
	  10 Input      4 Bit        Muxes := 8     
	   2 Input      4 Bit        Muxes := 4     
	   5 Input      3 Bit        Muxes := 1     
	   2 Input      3 Bit        Muxes := 4     
	   3 Input      2 Bit        Muxes := 1     
Module nonce_bcd_simple__4 
Detailed RTL Component Info : 
+---Adders : 
	   3 Input     32 Bit       Adders := 1     
	   4 Input     32 Bit       Adders := 1     
+---Multipliers : 
	                 3x30  Multipliers := 1     
+---Muxes : 
	  10 Input      4 Bit        Muxes := 8     
	   2 Input      4 Bit        Muxes := 4     
	   5 Input      3 Bit        Muxes := 1     
	   2 Input      3 Bit        Muxes := 4     
	   3 Input      2 Bit        Muxes := 1     
Module nonce_bcd_simple__5 
Detailed RTL Component Info : 
+---Adders : 
	   3 Input     32 Bit       Adders := 1     
	   4 Input     32 Bit       Adders := 1     
+---Multipliers : 
	                 3x30  Multipliers := 1     
+---Muxes : 
	  10 Input      4 Bit        Muxes := 8     
	   2 Input      4 Bit        Muxes := 4     
	   5 Input      3 Bit        Muxes := 1     
	   2 Input      3 Bit        Muxes := 4     
	   3 Input      2 Bit        Muxes := 1     
Module nonce_bcd_simple__6 
Detailed RTL Component Info : 
+---Adders : 
	   3 Input     32 Bit       Adders := 1     
	   4 Input     32 Bit       Adders := 1     
+---Multipliers : 
	                 3x30  Multipliers := 1     
+---Muxes : 
	  10 Input      4 Bit        Muxes := 8     
	   2 Input      4 Bit        Muxes := 4     
	   5 Input      3 Bit        Muxes := 1     
	   2 Input      3 Bit        Muxes := 4     
	   3 Input      2 Bit        Muxes := 1     
Module nonce_bcd_simple__7 
Detailed RTL Component Info : 
+---Adders : 
	   3 Input     32 Bit       Adders := 1     
	   4 Input     32 Bit       Adders := 1     
+---Multipliers : 
	                 3x30  Multipliers := 1     
+---Muxes : 
	  10 Input      4 Bit        Muxes := 8     
	   2 Input      4 Bit        Muxes := 4     
	   5 Input      3 Bit        Muxes := 1     
	   2 Input      3 Bit        Muxes := 4     
	   3 Input      2 Bit        Muxes := 1     
Module nonce_bcd_simple__8 
Detailed RTL Component Info : 
+---Adders : 
	   3 Input     32 Bit       Adders := 1     
	   4 Input     32 Bit       Adders := 1     
+---Multipliers : 
	                 3x30  Multipliers := 1     
+---Muxes : 
	  10 Input      4 Bit        Muxes := 8     
	   2 Input      4 Bit        Muxes := 4     
	   5 Input      3 Bit        Muxes := 1     
	   2 Input      3 Bit        Muxes := 4     
	   3 Input      2 Bit        Muxes := 1     
Module nonce_bcd_simple__9 
Detailed RTL Component Info : 
+---Adders : 
	   3 Input     32 Bit       Adders := 1     
	   4 Input     32 Bit       Adders := 1     
+---Multipliers : 
	                 3x30  Multipliers := 1     
+---Muxes : 
	  10 Input      4 Bit        Muxes := 8     
	   2 Input      4 Bit        Muxes := 4     
	   5 Input      3 Bit        Muxes := 1     
	   2 Input      3 Bit        Muxes := 4     
	   3 Input      2 Bit        Muxes := 1     
Module nonce_bcd_simple__10 
Detailed RTL Component Info : 
+---Adders : 
	   3 Input     32 Bit       Adders := 1     
	   4 Input     32 Bit       Adders := 1     
+---Multipliers : 
	                 3x30  Multipliers := 1     
+---Muxes : 
	  10 Input      4 Bit        Muxes := 8     
	   2 Input      4 Bit        Muxes := 4     
	   5 Input      3 Bit        Muxes := 1     
	   2 Input      3 Bit        Muxes := 4     
	   3 Input      2 Bit        Muxes := 1     
Module nonce_bcd_simple__11 
Detailed RTL Component Info : 
+---Adders : 
	   3 Input     32 Bit       Adders := 1     
	   4 Input     32 Bit       Adders := 1     
+---Multipliers : 
	                 3x30  Multipliers := 1     
+---Muxes : 
	  10 Input      4 Bit        Muxes := 8     
	   2 Input      4 Bit        Muxes := 4     
	   5 Input      3 Bit        Muxes := 1     
	   2 Input      3 Bit        Muxes := 4     
	   3 Input      2 Bit        Muxes := 1     
Module nonce_bcd_simple__12 
Detailed RTL Component Info : 
+---Adders : 
	   3 Input     32 Bit       Adders := 1     
	   4 Input     32 Bit       Adders := 1     
+---Multipliers : 
	                 3x30  Multipliers := 1     
+---Muxes : 
	  10 Input      4 Bit        Muxes := 8     
	   2 Input      4 Bit        Muxes := 4     
	   5 Input      3 Bit        Muxes := 1     
	   2 Input      3 Bit        Muxes := 4     
	   3 Input      2 Bit        Muxes := 1     
Module nonce_bcd_simple__13 
Detailed RTL Component Info : 
+---Adders : 
	   3 Input     32 Bit       Adders := 1     
	   4 Input     32 Bit       Adders := 1     
+---Multipliers : 
	                 3x30  Multipliers := 1     
+---Muxes : 
	  10 Input      4 Bit        Muxes := 8     
	   2 Input      4 Bit        Muxes := 4     
	   5 Input      3 Bit        Muxes := 1     
	   2 Input      3 Bit        Muxes := 4     
	   3 Input      2 Bit        Muxes := 1     
Module nonce_bcd_simple__14 
Detailed RTL Component Info : 
+---Adders : 
	   3 Input     32 Bit       Adders := 1     
	   4 Input     32 Bit       Adders := 1     
+---Multipliers : 
	                 3x30  Multipliers := 1     
+---Muxes : 
	  10 Input      4 Bit        Muxes := 8     
	   2 Input      4 Bit        Muxes := 4     
	   5 Input      3 Bit        Muxes := 1     
	   2 Input      3 Bit        Muxes := 4     
	   3 Input      2 Bit        Muxes := 1     
Module nonce_bcd_simple__15 
Detailed RTL Component Info : 
+---Adders : 
	   3 Input     32 Bit       Adders := 1     
	   4 Input     32 Bit       Adders := 1     
+---Multipliers : 
	                 3x30  Multipliers := 1     
+---Muxes : 
	  10 Input      4 Bit        Muxes := 8     
	   2 Input      4 Bit        Muxes := 4     
	   5 Input      3 Bit        Muxes := 1     
	   2 Input      3 Bit        Muxes := 4     
	   3 Input      2 Bit        Muxes := 1     
Module nonce_bcd_simple__16 
Detailed RTL Component Info : 
+---Adders : 
	   3 Input     32 Bit       Adders := 1     
	   4 Input     32 Bit       Adders := 1     
+---Multipliers : 
	                 3x30  Multipliers := 1     
+---Muxes : 
	  10 Input      4 Bit        Muxes := 8     
	   2 Input      4 Bit        Muxes := 4     
	   5 Input      3 Bit        Muxes := 1     
	   2 Input      3 Bit        Muxes := 4     
	   3 Input      2 Bit        Muxes := 1     
Module nonce_bcd_simple__17 
Detailed RTL Component Info : 
+---Adders : 
	   3 Input     32 Bit       Adders := 1     
	   4 Input     32 Bit       Adders := 1     
+---Multipliers : 
	                 3x30  Multipliers := 1     
+---Muxes : 
	  10 Input      4 Bit        Muxes := 8     
	   2 Input      4 Bit        Muxes := 4     
	   5 Input      3 Bit        Muxes := 1     
	   2 Input      3 Bit        Muxes := 4     
	   3 Input      2 Bit        Muxes := 1     
Module nonce_bcd_simple__18 
Detailed RTL Component Info : 
+---Adders : 
	   3 Input     32 Bit       Adders := 1     
	   4 Input     32 Bit       Adders := 1     
+---Multipliers : 
	                 3x30  Multipliers := 1     
+---Muxes : 
	  10 Input      4 Bit        Muxes := 8     
	   2 Input      4 Bit        Muxes := 4     
	   5 Input      3 Bit        Muxes := 1     
	   2 Input      3 Bit        Muxes := 4     
	   3 Input      2 Bit        Muxes := 1     
Module nonce_bcd_simple__19 
Detailed RTL Component Info : 
+---Adders : 
	   3 Input     32 Bit       Adders := 1     
	   4 Input     32 Bit       Adders := 1     
+---Multipliers : 
	                 3x30  Multipliers := 1     
+---Muxes : 
	  10 Input      4 Bit        Muxes := 8     
	   2 Input      4 Bit        Muxes := 4     
	   5 Input      3 Bit        Muxes := 1     
	   2 Input      3 Bit        Muxes := 4     
	   3 Input      2 Bit        Muxes := 1     
Module nonce_bcd_simple__20 
Detailed RTL Component Info : 
+---Adders : 
	   3 Input     32 Bit       Adders := 1     
	   4 Input     32 Bit       Adders := 1     
+---Multipliers : 
	                 3x30  Multipliers := 1     
+---Muxes : 
	  10 Input      4 Bit        Muxes := 8     
	   2 Input      4 Bit        Muxes := 4     
	   5 Input      3 Bit        Muxes := 1     
	   2 Input      3 Bit        Muxes := 4     
	   3 Input      2 Bit        Muxes := 1     
Module nonce_bcd_simple__21 
Detailed RTL Component Info : 
+---Adders : 
	   3 Input     32 Bit       Adders := 1     
	   4 Input     32 Bit       Adders := 1     
+---Multipliers : 
	                 3x30  Multipliers := 1     
+---Muxes : 
	  10 Input      4 Bit        Muxes := 8     
	   2 Input      4 Bit        Muxes := 4     
	   5 Input      3 Bit        Muxes := 1     
	   2 Input      3 Bit        Muxes := 4     
	   3 Input      2 Bit        Muxes := 1     
Module nonce_bcd_simple__22 
Detailed RTL Component Info : 
+---Adders : 
	   3 Input     32 Bit       Adders := 1     
	   4 Input     32 Bit       Adders := 1     
+---Multipliers : 
	                 3x30  Multipliers := 1     
+---Muxes : 
	  10 Input      4 Bit        Muxes := 8     
	   2 Input      4 Bit        Muxes := 4     
	   5 Input      3 Bit        Muxes := 1     
	   2 Input      3 Bit        Muxes := 4     
	   3 Input      2 Bit        Muxes := 1     
Module nonce_bcd_simple__23 
Detailed RTL Component Info : 
+---Adders : 
	   3 Input     32 Bit       Adders := 1     
	   4 Input     32 Bit       Adders := 1     
+---Multipliers : 
	                 3x30  Multipliers := 1     
+---Muxes : 
	  10 Input      4 Bit        Muxes := 8     
	   2 Input      4 Bit        Muxes := 4     
	   5 Input      3 Bit        Muxes := 1     
	   2 Input      3 Bit        Muxes := 4     
	   3 Input      2 Bit        Muxes := 1     
Module nonce_bcd_simple__24 
Detailed RTL Component Info : 
+---Adders : 
	   3 Input     32 Bit       Adders := 1     
	   4 Input     32 Bit       Adders := 1     
+---Multipliers : 
	                 3x30  Multipliers := 1     
+---Muxes : 
	  10 Input      4 Bit        Muxes := 8     
	   2 Input      4 Bit        Muxes := 4     
	   5 Input      3 Bit        Muxes := 1     
	   2 Input      3 Bit        Muxes := 4     
	   3 Input      2 Bit        Muxes := 1     
Module nonce_bcd_simple__25 
Detailed RTL Component Info : 
+---Adders : 
	   3 Input     32 Bit       Adders := 1     
	   4 Input     32 Bit       Adders := 1     
+---Multipliers : 
	                 3x30  Multipliers := 1     
+---Muxes : 
	  10 Input      4 Bit        Muxes := 8     
	   2 Input      4 Bit        Muxes := 4     
	   5 Input      3 Bit        Muxes := 1     
	   2 Input      3 Bit        Muxes := 4     
	   3 Input      2 Bit        Muxes := 1     
Module nonce_bcd_simple__26 
Detailed RTL Component Info : 
+---Adders : 
	   3 Input     32 Bit       Adders := 1     
	   4 Input     32 Bit       Adders := 1     
+---Multipliers : 
	                 3x30  Multipliers := 1     
+---Muxes : 
	  10 Input      4 Bit        Muxes := 8     
	   2 Input      4 Bit        Muxes := 4     
	   5 Input      3 Bit        Muxes := 1     
	   2 Input      3 Bit        Muxes := 4     
	   3 Input      2 Bit        Muxes := 1     
Module nonce_bcd_simple__27 
Detailed RTL Component Info : 
+---Adders : 
	   3 Input     32 Bit       Adders := 1     
	   4 Input     32 Bit       Adders := 1     
+---Multipliers : 
	                 3x30  Multipliers := 1     
+---Muxes : 
	  10 Input      4 Bit        Muxes := 8     
	   2 Input      4 Bit        Muxes := 4     
	   5 Input      3 Bit        Muxes := 1     
	   2 Input      3 Bit        Muxes := 4     
	   3 Input      2 Bit        Muxes := 1     
Module nonce_bcd_simple__28 
Detailed RTL Component Info : 
+---Adders : 
	   3 Input     32 Bit       Adders := 1     
	   4 Input     32 Bit       Adders := 1     
+---Multipliers : 
	                 3x30  Multipliers := 1     
+---Muxes : 
	  10 Input      4 Bit        Muxes := 8     
	   2 Input      4 Bit        Muxes := 4     
	   5 Input      3 Bit        Muxes := 1     
	   2 Input      3 Bit        Muxes := 4     
	   3 Input      2 Bit        Muxes := 1     
Module nonce_bcd_simple__29 
Detailed RTL Component Info : 
+---Adders : 
	   3 Input     32 Bit       Adders := 1     
	   4 Input     32 Bit       Adders := 1     
+---Multipliers : 
	                 3x30  Multipliers := 1     
+---Muxes : 
	  10 Input      4 Bit        Muxes := 8     
	   2 Input      4 Bit        Muxes := 4     
	   5 Input      3 Bit        Muxes := 1     
	   2 Input      3 Bit        Muxes := 4     
	   3 Input      2 Bit        Muxes := 1     
Module nonce_bcd_simple__30 
Detailed RTL Component Info : 
+---Adders : 
	   3 Input     32 Bit       Adders := 1     
	   4 Input     32 Bit       Adders := 1     
+---Multipliers : 
	                 3x30  Multipliers := 1     
+---Muxes : 
	  10 Input      4 Bit        Muxes := 8     
	   2 Input      4 Bit        Muxes := 4     
	   5 Input      3 Bit        Muxes := 1     
	   2 Input      3 Bit        Muxes := 4     
	   3 Input      2 Bit        Muxes := 1     
Module nonce_bcd_simple__31 
Detailed RTL Component Info : 
+---Adders : 
	   3 Input     32 Bit       Adders := 1     
	   4 Input     32 Bit       Adders := 1     
+---Multipliers : 
	                 3x30  Multipliers := 1     
+---Muxes : 
	  10 Input      4 Bit        Muxes := 8     
	   2 Input      4 Bit        Muxes := 4     
	   5 Input      3 Bit        Muxes := 1     
	   2 Input      3 Bit        Muxes := 4     
	   3 Input      2 Bit        Muxes := 1     
Module nonce_bcd_simple__32 
Detailed RTL Component Info : 
+---Adders : 
	   3 Input     32 Bit       Adders := 1     
	   4 Input     32 Bit       Adders := 1     
+---Multipliers : 
	                 3x30  Multipliers := 1     
+---Muxes : 
	  10 Input      4 Bit        Muxes := 8     
	   2 Input      4 Bit        Muxes := 4     
	   5 Input      3 Bit        Muxes := 1     
	   2 Input      3 Bit        Muxes := 4     
	   3 Input      2 Bit        Muxes := 1     
Module nonce_bcd_simple__33 
Detailed RTL Component Info : 
+---Adders : 
	   3 Input     32 Bit       Adders := 1     
	   4 Input     32 Bit       Adders := 1     
+---Multipliers : 
	                 3x30  Multipliers := 1     
+---Muxes : 
	  10 Input      4 Bit        Muxes := 8     
	   2 Input      4 Bit        Muxes := 4     
	   5 Input      3 Bit        Muxes := 1     
	   2 Input      3 Bit        Muxes := 4     
	   3 Input      2 Bit        Muxes := 1     
Module nonce_bcd_simple__34 
Detailed RTL Component Info : 
+---Adders : 
	   3 Input     32 Bit       Adders := 1     
	   4 Input     32 Bit       Adders := 1     
+---Multipliers : 
	                 3x30  Multipliers := 1     
+---Muxes : 
	  10 Input      4 Bit        Muxes := 8     
	   2 Input      4 Bit        Muxes := 4     
	   5 Input      3 Bit        Muxes := 1     
	   2 Input      3 Bit        Muxes := 4     
	   3 Input      2 Bit        Muxes := 1     
Module nonce_bcd_simple__35 
Detailed RTL Component Info : 
+---Adders : 
	   3 Input     32 Bit       Adders := 1     
	   4 Input     32 Bit       Adders := 1     
+---Multipliers : 
	                 3x30  Multipliers := 1     
+---Muxes : 
	  10 Input      4 Bit        Muxes := 8     
	   2 Input      4 Bit        Muxes := 4     
	   5 Input      3 Bit        Muxes := 1     
	   2 Input      3 Bit        Muxes := 4     
	   3 Input      2 Bit        Muxes := 1     
Module nonce_bcd_simple__36 
Detailed RTL Component Info : 
+---Adders : 
	   3 Input     32 Bit       Adders := 1     
	   4 Input     32 Bit       Adders := 1     
+---Multipliers : 
	                 3x30  Multipliers := 1     
+---Muxes : 
	  10 Input      4 Bit        Muxes := 8     
	   2 Input      4 Bit        Muxes := 4     
	   5 Input      3 Bit        Muxes := 1     
	   2 Input      3 Bit        Muxes := 4     
	   3 Input      2 Bit        Muxes := 1     
Module nonce_bcd_simple__37 
Detailed RTL Component Info : 
+---Adders : 
	   3 Input     32 Bit       Adders := 1     
	   4 Input     32 Bit       Adders := 1     
+---Multipliers : 
	                 3x30  Multipliers := 1     
+---Muxes : 
	  10 Input      4 Bit        Muxes := 8     
	   2 Input      4 Bit        Muxes := 4     
	   5 Input      3 Bit        Muxes := 1     
	   2 Input      3 Bit        Muxes := 4     
	   3 Input      2 Bit        Muxes := 1     
Module nonce_bcd_simple__38 
Detailed RTL Component Info : 
+---Adders : 
	   3 Input     32 Bit       Adders := 1     
	   4 Input     32 Bit       Adders := 1     
+---Multipliers : 
	                 3x30  Multipliers := 1     
+---Muxes : 
	  10 Input      4 Bit        Muxes := 8     
	   2 Input      4 Bit        Muxes := 4     
	   5 Input      3 Bit        Muxes := 1     
	   2 Input      3 Bit        Muxes := 4     
	   3 Input      2 Bit        Muxes := 1     
Module nonce_bcd_simple__39 
Detailed RTL Component Info : 
+---Adders : 
	   3 Input     32 Bit       Adders := 1     
	   4 Input     32 Bit       Adders := 1     
+---Multipliers : 
	                 3x30  Multipliers := 1     
+---Muxes : 
	  10 Input      4 Bit        Muxes := 8     
	   2 Input      4 Bit        Muxes := 4     
	   5 Input      3 Bit        Muxes := 1     
	   2 Input      3 Bit        Muxes := 4     
	   3 Input      2 Bit        Muxes := 1     
Module nonce_bcd_simple__40 
Detailed RTL Component Info : 
+---Adders : 
	   3 Input     32 Bit       Adders := 1     
	   4 Input     32 Bit       Adders := 1     
+---Multipliers : 
	                 3x30  Multipliers := 1     
+---Muxes : 
	  10 Input      4 Bit        Muxes := 8     
	   2 Input      4 Bit        Muxes := 4     
	   5 Input      3 Bit        Muxes := 1     
	   2 Input      3 Bit        Muxes := 4     
	   3 Input      2 Bit        Muxes := 1     
Module nonce_bcd_simple__41 
Detailed RTL Component Info : 
+---Adders : 
	   3 Input     32 Bit       Adders := 1     
	   4 Input     32 Bit       Adders := 1     
+---Multipliers : 
	                 3x30  Multipliers := 1     
+---Muxes : 
	  10 Input      4 Bit        Muxes := 8     
	   2 Input      4 Bit        Muxes := 4     
	   5 Input      3 Bit        Muxes := 1     
	   2 Input      3 Bit        Muxes := 4     
	   3 Input      2 Bit        Muxes := 1     
Module nonce_bcd_simple__42 
Detailed RTL Component Info : 
+---Adders : 
	   3 Input     32 Bit       Adders := 1     
	   4 Input     32 Bit       Adders := 1     
+---Multipliers : 
	                 3x30  Multipliers := 1     
+---Muxes : 
	  10 Input      4 Bit        Muxes := 8     
	   2 Input      4 Bit        Muxes := 4     
	   5 Input      3 Bit        Muxes := 1     
	   2 Input      3 Bit        Muxes := 4     
	   3 Input      2 Bit        Muxes := 1     
Module nonce_bcd_simple__43 
Detailed RTL Component Info : 
+---Adders : 
	   3 Input     32 Bit       Adders := 1     
	   4 Input     32 Bit       Adders := 1     
+---Multipliers : 
	                 3x30  Multipliers := 1     
+---Muxes : 
	  10 Input      4 Bit        Muxes := 8     
	   2 Input      4 Bit        Muxes := 4     
	   5 Input      3 Bit        Muxes := 1     
	   2 Input      3 Bit        Muxes := 4     
	   3 Input      2 Bit        Muxes := 1     
Module nonce_bcd_simple__44 
Detailed RTL Component Info : 
+---Adders : 
	   3 Input     32 Bit       Adders := 1     
	   4 Input     32 Bit       Adders := 1     
+---Multipliers : 
	                 3x30  Multipliers := 1     
+---Muxes : 
	  10 Input      4 Bit        Muxes := 8     
	   2 Input      4 Bit        Muxes := 4     
	   5 Input      3 Bit        Muxes := 1     
	   2 Input      3 Bit        Muxes := 4     
	   3 Input      2 Bit        Muxes := 1     
Module nonce_bcd_simple__45 
Detailed RTL Component Info : 
+---Adders : 
	   3 Input     32 Bit       Adders := 1     
	   4 Input     32 Bit       Adders := 1     
+---Multipliers : 
	                 3x30  Multipliers := 1     
+---Muxes : 
	  10 Input      4 Bit        Muxes := 8     
	   2 Input      4 Bit        Muxes := 4     
	   5 Input      3 Bit        Muxes := 1     
	   2 Input      3 Bit        Muxes := 4     
	   3 Input      2 Bit        Muxes := 1     
Module nonce_bcd_simple__46 
Detailed RTL Component Info : 
+---Adders : 
	   3 Input     32 Bit       Adders := 1     
	   4 Input     32 Bit       Adders := 1     
+---Multipliers : 
	                 3x30  Multipliers := 1     
+---Muxes : 
	  10 Input      4 Bit        Muxes := 8     
	   2 Input      4 Bit        Muxes := 4     
	   5 Input      3 Bit        Muxes := 1     
	   2 Input      3 Bit        Muxes := 4     
	   3 Input      2 Bit        Muxes := 1     
Module nonce_bcd_simple__47 
Detailed RTL Component Info : 
+---Adders : 
	   3 Input     32 Bit       Adders := 1     
	   4 Input     32 Bit       Adders := 1     
+---Multipliers : 
	                 3x30  Multipliers := 1     
+---Muxes : 
	  10 Input      4 Bit        Muxes := 8     
	   2 Input      4 Bit        Muxes := 4     
	   5 Input      3 Bit        Muxes := 1     
	   2 Input      3 Bit        Muxes := 4     
	   3 Input      2 Bit        Muxes := 1     
Module nonce_bcd_simple__48 
Detailed RTL Component Info : 
+---Adders : 
	   3 Input     32 Bit       Adders := 1     
	   4 Input     32 Bit       Adders := 1     
+---Multipliers : 
	                 3x30  Multipliers := 1     
+---Muxes : 
	  10 Input      4 Bit        Muxes := 8     
	   2 Input      4 Bit        Muxes := 4     
	   5 Input      3 Bit        Muxes := 1     
	   2 Input      3 Bit        Muxes := 4     
	   3 Input      2 Bit        Muxes := 1     
Module nonce_bcd_simple__49 
Detailed RTL Component Info : 
+---Adders : 
	   3 Input     32 Bit       Adders := 1     
	   4 Input     32 Bit       Adders := 1     
+---Multipliers : 
	                 3x30  Multipliers := 1     
+---Muxes : 
	  10 Input      4 Bit        Muxes := 8     
	   2 Input      4 Bit        Muxes := 4     
	   5 Input      3 Bit        Muxes := 1     
	   2 Input      3 Bit        Muxes := 4     
	   3 Input      2 Bit        Muxes := 1     
Module nonce_bcd_simple__50 
Detailed RTL Component Info : 
+---Adders : 
	   3 Input     32 Bit       Adders := 1     
	   4 Input     32 Bit       Adders := 1     
+---Multipliers : 
	                 3x30  Multipliers := 1     
+---Muxes : 
	  10 Input      4 Bit        Muxes := 8     
	   2 Input      4 Bit        Muxes := 4     
	   5 Input      3 Bit        Muxes := 1     
	   2 Input      3 Bit        Muxes := 4     
	   3 Input      2 Bit        Muxes := 1     
Module nonce_bcd_simple__51 
Detailed RTL Component Info : 
+---Adders : 
	   3 Input     32 Bit       Adders := 1     
	   4 Input     32 Bit       Adders := 1     
+---Multipliers : 
	                 3x30  Multipliers := 1     
+---Muxes : 
	  10 Input      4 Bit        Muxes := 8     
	   2 Input      4 Bit        Muxes := 4     
	   5 Input      3 Bit        Muxes := 1     
	   2 Input      3 Bit        Muxes := 4     
	   3 Input      2 Bit        Muxes := 1     
Module nonce_bcd_simple__52 
Detailed RTL Component Info : 
+---Adders : 
	   3 Input     32 Bit       Adders := 1     
	   4 Input     32 Bit       Adders := 1     
+---Multipliers : 
	                 3x30  Multipliers := 1     
+---Muxes : 
	  10 Input      4 Bit        Muxes := 8     
	   2 Input      4 Bit        Muxes := 4     
	   5 Input      3 Bit        Muxes := 1     
	   2 Input      3 Bit        Muxes := 4     
	   3 Input      2 Bit        Muxes := 1     
Module nonce_bcd_simple__53 
Detailed RTL Component Info : 
+---Adders : 
	   3 Input     32 Bit       Adders := 1     
	   4 Input     32 Bit       Adders := 1     
+---Multipliers : 
	                 3x30  Multipliers := 1     
+---Muxes : 
	  10 Input      4 Bit        Muxes := 8     
	   2 Input      4 Bit        Muxes := 4     
	   5 Input      3 Bit        Muxes := 1     
	   2 Input      3 Bit        Muxes := 4     
	   3 Input      2 Bit        Muxes := 1     
Module nonce_bcd_simple__54 
Detailed RTL Component Info : 
+---Adders : 
	   3 Input     32 Bit       Adders := 1     
	   4 Input     32 Bit       Adders := 1     
+---Multipliers : 
	                 3x30  Multipliers := 1     
+---Muxes : 
	  10 Input      4 Bit        Muxes := 8     
	   2 Input      4 Bit        Muxes := 4     
	   5 Input      3 Bit        Muxes := 1     
	   2 Input      3 Bit        Muxes := 4     
	   3 Input      2 Bit        Muxes := 1     
Module nonce_bcd_simple__55 
Detailed RTL Component Info : 
+---Adders : 
	   3 Input     32 Bit       Adders := 1     
	   4 Input     32 Bit       Adders := 1     
+---Multipliers : 
	                 3x30  Multipliers := 1     
+---Muxes : 
	  10 Input      4 Bit        Muxes := 8     
	   2 Input      4 Bit        Muxes := 4     
	   5 Input      3 Bit        Muxes := 1     
	   2 Input      3 Bit        Muxes := 4     
	   3 Input      2 Bit        Muxes := 1     
Module nonce_bcd_simple__56 
Detailed RTL Component Info : 
+---Adders : 
	   3 Input     32 Bit       Adders := 1     
	   4 Input     32 Bit       Adders := 1     
+---Multipliers : 
	                 3x30  Multipliers := 1     
+---Muxes : 
	  10 Input      4 Bit        Muxes := 8     
	   2 Input      4 Bit        Muxes := 4     
	   5 Input      3 Bit        Muxes := 1     
	   2 Input      3 Bit        Muxes := 4     
	   3 Input      2 Bit        Muxes := 1     
Module nonce_bcd_simple__57 
Detailed RTL Component Info : 
+---Adders : 
	   3 Input     32 Bit       Adders := 1     
	   4 Input     32 Bit       Adders := 1     
+---Multipliers : 
	                 3x30  Multipliers := 1     
+---Muxes : 
	  10 Input      4 Bit        Muxes := 8     
	   2 Input      4 Bit        Muxes := 4     
	   5 Input      3 Bit        Muxes := 1     
	   2 Input      3 Bit        Muxes := 4     
	   3 Input      2 Bit        Muxes := 1     
Module nonce_bcd_simple__58 
Detailed RTL Component Info : 
+---Adders : 
	   3 Input     32 Bit       Adders := 1     
	   4 Input     32 Bit       Adders := 1     
+---Multipliers : 
	                 3x30  Multipliers := 1     
+---Muxes : 
	  10 Input      4 Bit        Muxes := 8     
	   2 Input      4 Bit        Muxes := 4     
	   5 Input      3 Bit        Muxes := 1     
	   2 Input      3 Bit        Muxes := 4     
	   3 Input      2 Bit        Muxes := 1     
Module nonce_bcd_simple__59 
Detailed RTL Component Info : 
+---Adders : 
	   3 Input     32 Bit       Adders := 1     
	   4 Input     32 Bit       Adders := 1     
+---Multipliers : 
	                 3x30  Multipliers := 1     
+---Muxes : 
	  10 Input      4 Bit        Muxes := 8     
	   2 Input      4 Bit        Muxes := 4     
	   5 Input      3 Bit        Muxes := 1     
	   2 Input      3 Bit        Muxes := 4     
	   3 Input      2 Bit        Muxes := 1     
Module nonce_bcd_simple__60 
Detailed RTL Component Info : 
+---Adders : 
	   3 Input     32 Bit       Adders := 1     
	   4 Input     32 Bit       Adders := 1     
+---Multipliers : 
	                 3x30  Multipliers := 1     
+---Muxes : 
	  10 Input      4 Bit        Muxes := 8     
	   2 Input      4 Bit        Muxes := 4     
	   5 Input      3 Bit        Muxes := 1     
	   2 Input      3 Bit        Muxes := 4     
	   3 Input      2 Bit        Muxes := 1     
Module nonce_bcd_simple__61 
Detailed RTL Component Info : 
+---Adders : 
	   3 Input     32 Bit       Adders := 1     
	   4 Input     32 Bit       Adders := 1     
+---Multipliers : 
	                 3x30  Multipliers := 1     
+---Muxes : 
	  10 Input      4 Bit        Muxes := 8     
	   2 Input      4 Bit        Muxes := 4     
	   5 Input      3 Bit        Muxes := 1     
	   2 Input      3 Bit        Muxes := 4     
	   3 Input      2 Bit        Muxes := 1     
Module nonce_bcd_simple__62 
Detailed RTL Component Info : 
+---Adders : 
	   3 Input     32 Bit       Adders := 1     
	   4 Input     32 Bit       Adders := 1     
+---Multipliers : 
	                 3x30  Multipliers := 1     
+---Muxes : 
	  10 Input      4 Bit        Muxes := 8     
	   2 Input      4 Bit        Muxes := 4     
	   5 Input      3 Bit        Muxes := 1     
	   2 Input      3 Bit        Muxes := 4     
	   3 Input      2 Bit        Muxes := 1     
Module nonce_bcd_simple__63 
Detailed RTL Component Info : 
+---Adders : 
	   3 Input     32 Bit       Adders := 1     
	   4 Input     32 Bit       Adders := 1     
+---Multipliers : 
	                 3x30  Multipliers := 1     
+---Muxes : 
	  10 Input      4 Bit        Muxes := 8     
	   2 Input      4 Bit        Muxes := 4     
	   5 Input      3 Bit        Muxes := 1     
	   2 Input      3 Bit        Muxes := 4     
	   3 Input      2 Bit        Muxes := 1     
Module nonce_bcd_simple__64 
Detailed RTL Component Info : 
+---Adders : 
	   3 Input     32 Bit       Adders := 1     
	   4 Input     32 Bit       Adders := 1     
+---Multipliers : 
	                 3x30  Multipliers := 1     
+---Muxes : 
	  10 Input      4 Bit        Muxes := 8     
	   2 Input      4 Bit        Muxes := 4     
	   5 Input      3 Bit        Muxes := 1     
	   2 Input      3 Bit        Muxes := 4     
	   3 Input      2 Bit        Muxes := 1     
Module nonce_bcd_simple__65 
Detailed RTL Component Info : 
+---Adders : 
	   3 Input     32 Bit       Adders := 1     
	   4 Input     32 Bit       Adders := 1     
+---Multipliers : 
	                 3x30  Multipliers := 1     
+---Muxes : 
	  10 Input      4 Bit        Muxes := 8     
	   2 Input      4 Bit        Muxes := 4     
	   5 Input      3 Bit        Muxes := 1     
	   2 Input      3 Bit        Muxes := 4     
	   3 Input      2 Bit        Muxes := 1     
Module nonce_bcd_simple__66 
Detailed RTL Component Info : 
+---Adders : 
	   3 Input     32 Bit       Adders := 1     
	   4 Input     32 Bit       Adders := 1     
+---Multipliers : 
	                 3x30  Multipliers := 1     
+---Muxes : 
	  10 Input      4 Bit        Muxes := 8     
	   2 Input      4 Bit        Muxes := 4     
	   5 Input      3 Bit        Muxes := 1     
	   2 Input      3 Bit        Muxes := 4     
	   3 Input      2 Bit        Muxes := 1     
Module nonce_bcd_simple__67 
Detailed RTL Component Info : 
+---Adders : 
	   3 Input     32 Bit       Adders := 1     
	   4 Input     32 Bit       Adders := 1     
+---Multipliers : 
	                 3x30  Multipliers := 1     
+---Muxes : 
	  10 Input      4 Bit        Muxes := 8     
	   2 Input      4 Bit        Muxes := 4     
	   5 Input      3 Bit        Muxes := 1     
	   2 Input      3 Bit        Muxes := 4     
	   3 Input      2 Bit        Muxes := 1     
Module nonce_bcd_simple__68 
Detailed RTL Component Info : 
+---Adders : 
	   3 Input     32 Bit       Adders := 1     
	   4 Input     32 Bit       Adders := 1     
+---Multipliers : 
	                 3x30  Multipliers := 1     
+---Muxes : 
	  10 Input      4 Bit        Muxes := 8     
	   2 Input      4 Bit        Muxes := 4     
	   5 Input      3 Bit        Muxes := 1     
	   2 Input      3 Bit        Muxes := 4     
	   3 Input      2 Bit        Muxes := 1     
Module nonce_bcd_simple__69 
Detailed RTL Component Info : 
+---Adders : 
	   3 Input     32 Bit       Adders := 1     
	   4 Input     32 Bit       Adders := 1     
+---Multipliers : 
	                 3x30  Multipliers := 1     
+---Muxes : 
	  10 Input      4 Bit        Muxes := 8     
	   2 Input      4 Bit        Muxes := 4     
	   5 Input      3 Bit        Muxes := 1     
	   2 Input      3 Bit        Muxes := 4     
	   3 Input      2 Bit        Muxes := 1     
Module nonce_bcd_simple 
Detailed RTL Component Info : 
+---Adders : 
	   3 Input     32 Bit       Adders := 1     
	   4 Input     32 Bit       Adders := 1     
+---Multipliers : 
	                 3x30  Multipliers := 1     
+---Muxes : 
	  10 Input      4 Bit        Muxes := 8     
	   2 Input      4 Bit        Muxes := 4     
	   5 Input      3 Bit        Muxes := 1     
	   2 Input      3 Bit        Muxes := 4     
	   3 Input      2 Bit        Muxes := 1     
Module uart_tx 
Detailed RTL Component Info : 
+---Adders : 
	   2 Input     16 Bit       Adders := 1     
	   2 Input      3 Bit       Adders := 1     
+---Registers : 
	               16 Bit    Registers := 1     
	                8 Bit    Registers := 1     
	                3 Bit    Registers := 1     
	                1 Bit    Registers := 2     
+---Muxes : 
	   2 Input     16 Bit        Muxes := 1     
	   4 Input      4 Bit        Muxes := 1     
	   2 Input      4 Bit        Muxes := 4     
	   2 Input      3 Bit        Muxes := 3     
	   4 Input      3 Bit        Muxes := 2     
	   2 Input      2 Bit        Muxes := 2     
	   2 Input      1 Bit        Muxes := 4     
	   3 Input      1 Bit        Muxes := 1     
Module uart_rx 
Detailed RTL Component Info : 
+---Adders : 
	   2 Input     16 Bit       Adders := 1     
	   2 Input      3 Bit       Adders := 1     
+---Registers : 
	               16 Bit    Registers := 1     
	                8 Bit    Registers := 2     
	                3 Bit    Registers := 1     
	                1 Bit    Registers := 3     
+---Muxes : 
	   2 Input     16 Bit        Muxes := 1     
	   2 Input      8 Bit        Muxes := 1     
	   5 Input      5 Bit        Muxes := 1     
	   2 Input      5 Bit        Muxes := 5     
	   2 Input      3 Bit        Muxes := 4     
	   5 Input      3 Bit        Muxes := 2     
	   2 Input      2 Bit        Muxes := 2     
	   2 Input      1 Bit        Muxes := 3     
---------------------------------------------------------------------------------
Finished RTL Hierarchical Component Statistics
---------------------------------------------------------------------------------
---------------------------------------------------------------------------------
Start Part Resource Summary
---------------------------------------------------------------------------------
Part Resources:
DSPs: 840 (col length:140)
BRAMs: 890 (col length: RAMB18 140 RAMB36 70)
---------------------------------------------------------------------------------
Finished Part Resource Summary
---------------------------------------------------------------------------------
INFO: [Synth 8-5580] Multithreading enabled for synth_design using a maximum of 2 processes.
---------------------------------------------------------------------------------
Start Cross Boundary and Area Optimization
---------------------------------------------------------------------------------
INFO: [Synth 8-5545] ROM "digit_count" won't be mapped to RAM because address size (32) is larger than maximum supported(25)
INFO: [Synth 8-5845] Not enough pipeline registers after wide multiplier. Recommended levels of pipeline registers is 2 [C:/Users/Emerson/Documents/fpga/project_kintex_miner/project_1/project_1.srcs/sources_1/nonce_bcd_simple.v:35]
DSP Report: Generating DSP remainder_d90, operation Mode is: (A:0xf5e100)*B.
DSP Report: operator remainder_d90 is absorbed into DSP remainder_d90.
DSP Report: operator remainder_d90 is absorbed into DSP remainder_d90.
INFO: [Synth 8-5545] ROM "digit_count" won't be mapped to RAM because address size (32) is larger than maximum supported(25)
INFO: [Synth 8-5845] Not enough pipeline registers after wide multiplier. Recommended levels of pipeline registers is 2 [C:/Users/Emerson/Documents/fpga/project_kintex_miner/project_1/project_1.srcs/sources_1/nonce_bcd_simple.v:35]
DSP Report: Generating DSP remainder_d90, operation Mode is: (A:0xf5e100)*B.
DSP Report: operator remainder_d90 is absorbed into DSP remainder_d90.
DSP Report: operator remainder_d90 is absorbed into DSP remainder_d90.
INFO: [Synth 8-5545] ROM "digit_count" won't be mapped to RAM because address size (32) is larger than maximum supported(25)
INFO: [Synth 8-5845] Not enough pipeline registers after wide multiplier. Recommended levels of pipeline registers is 2 [C:/Users/Emerson/Documents/fpga/project_kintex_miner/project_1/project_1.srcs/sources_1/nonce_bcd_simple.v:35]
DSP Report: Generating DSP remainder_d90, operation Mode is: (A:0xf5e100)*B.
DSP Report: operator remainder_d90 is absorbed into DSP remainder_d90.
DSP Report: operator remainder_d90 is absorbed into DSP remainder_d90.
INFO: [Synth 8-5545] ROM "digit_count" won't be mapped to RAM because address size (32) is larger than maximum supported(25)
INFO: [Synth 8-5845] Not enough pipeline registers after wide multiplier. Recommended levels of pipeline registers is 2 [C:/Users/Emerson/Documents/fpga/project_kintex_miner/project_1/project_1.srcs/sources_1/nonce_bcd_simple.v:35]
DSP Report: Generating DSP remainder_d90, operation Mode is: (A:0xf5e100)*B.
DSP Report: operator remainder_d90 is absorbed into DSP remainder_d90.
DSP Report: operator remainder_d90 is absorbed into DSP remainder_d90.
INFO: [Synth 8-5545] ROM "digit_count" won't be mapped to RAM because address size (32) is larger than maximum supported(25)
INFO: [Synth 8-5845] Not enough pipeline registers after wide multiplier. Recommended levels of pipeline registers is 2 [C:/Users/Emerson/Documents/fpga/project_kintex_miner/project_1/project_1.srcs/sources_1/nonce_bcd_simple.v:35]
DSP Report: Generating DSP remainder_d90, operation Mode is: (A:0xf5e100)*B.
DSP Report: operator remainder_d90 is absorbed into DSP remainder_d90.
DSP Report: operator remainder_d90 is absorbed into DSP remainder_d90.
INFO: [Synth 8-5545] ROM "digit_count" won't be mapped to RAM because address size (32) is larger than maximum supported(25)
INFO: [Synth 8-5845] Not enough pipeline registers after wide multiplier. Recommended levels of pipeline registers is 2 [C:/Users/Emerson/Documents/fpga/project_kintex_miner/project_1/project_1.srcs/sources_1/nonce_bcd_simple.v:35]
DSP Report: Generating DSP remainder_d90, operation Mode is: (A:0xf5e100)*B.
DSP Report: operator remainder_d90 is absorbed into DSP remainder_d90.
DSP Report: operator remainder_d90 is absorbed into DSP remainder_d90.
INFO: [Synth 8-5545] ROM "digit_count" won't be mapped to RAM because address size (32) is larger than maximum supported(25)
INFO: [Synth 8-5845] Not enough pipeline registers after wide multiplier. Recommended levels of pipeline registers is 2 [C:/Users/Emerson/Documents/fpga/project_kintex_miner/project_1/project_1.srcs/sources_1/nonce_bcd_simple.v:35]
DSP Report: Generating DSP remainder_d90, operation Mode is: (A:0xf5e100)*B.
DSP Report: operator remainder_d90 is absorbed into DSP remainder_d90.
DSP Report: operator remainder_d90 is absorbed into DSP remainder_d90.
INFO: [Synth 8-5545] ROM "digit_count" won't be mapped to RAM because address size (32) is larger than maximum supported(25)
INFO: [Synth 8-5845] Not enough pipeline registers after wide multiplier. Recommended levels of pipeline registers is 2 [C:/Users/Emerson/Documents/fpga/project_kintex_miner/project_1/project_1.srcs/sources_1/nonce_bcd_simple.v:35]
DSP Report: Generating DSP remainder_d90, operation Mode is: (A:0xf5e100)*B.
DSP Report: operator remainder_d90 is absorbed into DSP remainder_d90.
DSP Report: operator remainder_d90 is absorbed into DSP remainder_d90.
INFO: [Synth 8-5545] ROM "digit_count" won't be mapped to RAM because address size (32) is larger than maximum supported(25)
INFO: [Synth 8-5845] Not enough pipeline registers after wide multiplier. Recommended levels of pipeline registers is 2 [C:/Users/Emerson/Documents/fpga/project_kintex_miner/project_1/project_1.srcs/sources_1/nonce_bcd_simple.v:35]
DSP Report: Generating DSP remainder_d90, operation Mode is: (A:0xf5e100)*B.
DSP Report: operator remainder_d90 is absorbed into DSP remainder_d90.
DSP Report: operator remainder_d90 is absorbed into DSP remainder_d90.
INFO: [Synth 8-5545] ROM "digit_count" won't be mapped to RAM because address size (32) is larger than maximum supported(25)
INFO: [Synth 8-5845] Not enough pipeline registers after wide multiplier. Recommended levels of pipeline registers is 2 [C:/Users/Emerson/Documents/fpga/project_kintex_miner/project_1/project_1.srcs/sources_1/nonce_bcd_simple.v:35]
DSP Report: Generating DSP remainder_d90, operation Mode is: (A:0xf5e100)*B.
DSP Report: operator remainder_d90 is absorbed into DSP remainder_d90.
DSP Report: operator remainder_d90 is absorbed into DSP remainder_d90.
INFO: [Synth 8-5545] ROM "digit_count" won't be mapped to RAM because address size (32) is larger than maximum supported(25)
INFO: [Synth 8-5845] Not enough pipeline registers after wide multiplier. Recommended levels of pipeline registers is 2 [C:/Users/Emerson/Documents/fpga/project_kintex_miner/project_1/project_1.srcs/sources_1/nonce_bcd_simple.v:35]
DSP Report: Generating DSP remainder_d90, operation Mode is: (A:0xf5e100)*B.
DSP Report: operator remainder_d90 is absorbed into DSP remainder_d90.
DSP Report: operator remainder_d90 is absorbed into DSP remainder_d90.
INFO: [Synth 8-5545] ROM "digit_count" won't be mapped to RAM because address size (32) is larger than maximum supported(25)
INFO: [Synth 8-5845] Not enough pipeline registers after wide multiplier. Recommended levels of pipeline registers is 2 [C:/Users/Emerson/Documents/fpga/project_kintex_miner/project_1/project_1.srcs/sources_1/nonce_bcd_simple.v:35]
DSP Report: Generating DSP remainder_d90, operation Mode is: (A:0xf5e100)*B.
DSP Report: operator remainder_d90 is absorbed into DSP remainder_d90.
DSP Report: operator remainder_d90 is absorbed into DSP remainder_d90.
INFO: [Synth 8-5545] ROM "digit_count" won't be mapped to RAM because address size (32) is larger than maximum supported(25)
INFO: [Synth 8-5845] Not enough pipeline registers after wide multiplier. Recommended levels of pipeline registers is 2 [C:/Users/Emerson/Documents/fpga/project_kintex_miner/project_1/project_1.srcs/sources_1/nonce_bcd_simple.v:35]
DSP Report: Generating DSP remainder_d90, operation Mode is: (A:0xf5e100)*B.
DSP Report: operator remainder_d90 is absorbed into DSP remainder_d90.
DSP Report: operator remainder_d90 is absorbed into DSP remainder_d90.
INFO: [Synth 8-5545] ROM "digit_count" won't be mapped to RAM because address size (32) is larger than maximum supported(25)
INFO: [Synth 8-5845] Not enough pipeline registers after wide multiplier. Recommended levels of pipeline registers is 2 [C:/Users/Emerson/Documents/fpga/project_kintex_miner/project_1/project_1.srcs/sources_1/nonce_bcd_simple.v:35]
DSP Report: Generating DSP remainder_d90, operation Mode is: (A:0xf5e100)*B.
DSP Report: operator remainder_d90 is absorbed into DSP remainder_d90.
DSP Report: operator remainder_d90 is absorbed into DSP remainder_d90.
INFO: [Synth 8-5545] ROM "digit_count" won't be mapped to RAM because address size (32) is larger than maximum supported(25)
INFO: [Synth 8-5845] Not enough pipeline registers after wide multiplier. Recommended levels of pipeline registers is 2 [C:/Users/Emerson/Documents/fpga/project_kintex_miner/project_1/project_1.srcs/sources_1/nonce_bcd_simple.v:35]
DSP Report: Generating DSP remainder_d90, operation Mode is: (A:0xf5e100)*B.
DSP Report: operator remainder_d90 is absorbed into DSP remainder_d90.
DSP Report: operator remainder_d90 is absorbed into DSP remainder_d90.
INFO: [Synth 8-5545] ROM "digit_count" won't be mapped to RAM because address size (32) is larger than maximum supported(25)
INFO: [Synth 8-5845] Not enough pipeline registers after wide multiplier. Recommended levels of pipeline registers is 2 [C:/Users/Emerson/Documents/fpga/project_kintex_miner/project_1/project_1.srcs/sources_1/nonce_bcd_simple.v:35]
DSP Report: Generating DSP remainder_d90, operation Mode is: (A:0xf5e100)*B.
DSP Report: operator remainder_d90 is absorbed into DSP remainder_d90.
DSP Report: operator remainder_d90 is absorbed into DSP remainder_d90.
INFO: [Synth 8-5545] ROM "digit_count" won't be mapped to RAM because address size (32) is larger than maximum supported(25)
INFO: [Synth 8-5845] Not enough pipeline registers after wide multiplier. Recommended levels of pipeline registers is 2 [C:/Users/Emerson/Documents/fpga/project_kintex_miner/project_1/project_1.srcs/sources_1/nonce_bcd_simple.v:35]
DSP Report: Generating DSP remainder_d90, operation Mode is: (A:0xf5e100)*B.
DSP Report: operator remainder_d90 is absorbed into DSP remainder_d90.
DSP Report: operator remainder_d90 is absorbed into DSP remainder_d90.
INFO: [Synth 8-5545] ROM "digit_count" won't be mapped to RAM because address size (32) is larger than maximum supported(25)
INFO: [Synth 8-5845] Not enough pipeline registers after wide multiplier. Recommended levels of pipeline registers is 2 [C:/Users/Emerson/Documents/fpga/project_kintex_miner/project_1/project_1.srcs/sources_1/nonce_bcd_simple.v:35]
DSP Report: Generating DSP remainder_d90, operation Mode is: (A:0xf5e100)*B.
DSP Report: operator remainder_d90 is absorbed into DSP remainder_d90.
DSP Report: operator remainder_d90 is absorbed into DSP remainder_d90.
INFO: [Synth 8-5545] ROM "digit_count" won't be mapped to RAM because address size (32) is larger than maximum supported(25)
INFO: [Synth 8-5845] Not enough pipeline registers after wide multiplier. Recommended levels of pipeline registers is 2 [C:/Users/Emerson/Documents/fpga/project_kintex_miner/project_1/project_1.srcs/sources_1/nonce_bcd_simple.v:35]
DSP Report: Generating DSP remainder_d90, operation Mode is: (A:0xf5e100)*B.
DSP Report: operator remainder_d90 is absorbed into DSP remainder_d90.
DSP Report: operator remainder_d90 is absorbed into DSP remainder_d90.
INFO: [Synth 8-5545] ROM "digit_count" won't be mapped to RAM because address size (32) is larger than maximum supported(25)
INFO: [Synth 8-5845] Not enough pipeline registers after wide multiplier. Recommended levels of pipeline registers is 2 [C:/Users/Emerson/Documents/fpga/project_kintex_miner/project_1/project_1.srcs/sources_1/nonce_bcd_simple.v:35]
DSP Report: Generating DSP remainder_d90, operation Mode is: (A:0xf5e100)*B.
DSP Report: operator remainder_d90 is absorbed into DSP remainder_d90.
DSP Report: operator remainder_d90 is absorbed into DSP remainder_d90.
INFO: [Synth 8-5545] ROM "digit_count" won't be mapped to RAM because address size (32) is larger than maximum supported(25)
INFO: [Synth 8-5845] Not enough pipeline registers after wide multiplier. Recommended levels of pipeline registers is 2 [C:/Users/Emerson/Documents/fpga/project_kintex_miner/project_1/project_1.srcs/sources_1/nonce_bcd_simple.v:35]
DSP Report: Generating DSP remainder_d90, operation Mode is: (A:0xf5e100)*B.
DSP Report: operator remainder_d90 is absorbed into DSP remainder_d90.
DSP Report: operator remainder_d90 is absorbed into DSP remainder_d90.
INFO: [Synth 8-5545] ROM "digit_count" won't be mapped to RAM because address size (32) is larger than maximum supported(25)
INFO: [Synth 8-5845] Not enough pipeline registers after wide multiplier. Recommended levels of pipeline registers is 2 [C:/Users/Emerson/Documents/fpga/project_kintex_miner/project_1/project_1.srcs/sources_1/nonce_bcd_simple.v:35]
DSP Report: Generating DSP remainder_d90, operation Mode is: (A:0xf5e100)*B.
DSP Report: operator remainder_d90 is absorbed into DSP remainder_d90.
DSP Report: operator remainder_d90 is absorbed into DSP remainder_d90.
INFO: [Synth 8-5545] ROM "digit_count" won't be mapped to RAM because address size (32) is larger than maximum supported(25)
INFO: [Synth 8-5845] Not enough pipeline registers after wide multiplier. Recommended levels of pipeline registers is 2 [C:/Users/Emerson/Documents/fpga/project_kintex_miner/project_1/project_1.srcs/sources_1/nonce_bcd_simple.v:35]
DSP Report: Generating DSP remainder_d90, operation Mode is: (A:0xf5e100)*B.
DSP Report: operator remainder_d90 is absorbed into DSP remainder_d90.
DSP Report: operator remainder_d90 is absorbed into DSP remainder_d90.
INFO: [Synth 8-5545] ROM "digit_count" won't be mapped to RAM because address size (32) is larger than maximum supported(25)
INFO: [Synth 8-5845] Not enough pipeline registers after wide multiplier. Recommended levels of pipeline registers is 2 [C:/Users/Emerson/Documents/fpga/project_kintex_miner/project_1/project_1.srcs/sources_1/nonce_bcd_simple.v:35]
DSP Report: Generating DSP remainder_d90, operation Mode is: (A:0xf5e100)*B.
DSP Report: operator remainder_d90 is absorbed into DSP remainder_d90.
DSP Report: operator remainder_d90 is absorbed into DSP remainder_d90.
INFO: [Synth 8-5545] ROM "digit_count" won't be mapped to RAM because address size (32) is larger than maximum supported(25)
INFO: [Synth 8-5845] Not enough pipeline registers after wide multiplier. Recommended levels of pipeline registers is 2 [C:/Users/Emerson/Documents/fpga/project_kintex_miner/project_1/project_1.srcs/sources_1/nonce_bcd_simple.v:35]
DSP Report: Generating DSP remainder_d90, operation Mode is: (A:0xf5e100)*B.
DSP Report: operator remainder_d90 is absorbed into DSP remainder_d90.
DSP Report: operator remainder_d90 is absorbed into DSP remainder_d90.
INFO: [Synth 8-5545] ROM "digit_count" won't be mapped to RAM because address size (32) is larger than maximum supported(25)
INFO: [Synth 8-5845] Not enough pipeline registers after wide multiplier. Recommended levels of pipeline registers is 2 [C:/Users/Emerson/Documents/fpga/project_kintex_miner/project_1/project_1.srcs/sources_1/nonce_bcd_simple.v:35]
DSP Report: Generating DSP remainder_d90, operation Mode is: (A:0xf5e100)*B.
DSP Report: operator remainder_d90 is absorbed into DSP remainder_d90.
DSP Report: operator remainder_d90 is absorbed into DSP remainder_d90.
INFO: [Synth 8-5545] ROM "digit_count" won't be mapped to RAM because address size (32) is larger than maximum supported(25)
INFO: [Synth 8-5845] Not enough pipeline registers after wide multiplier. Recommended levels of pipeline registers is 2 [C:/Users/Emerson/Documents/fpga/project_kintex_miner/project_1/project_1.srcs/sources_1/nonce_bcd_simple.v:35]
DSP Report: Generating DSP remainder_d90, operation Mode is: (A:0xf5e100)*B.
DSP Report: operator remainder_d90 is absorbed into DSP remainder_d90.
DSP Report: operator remainder_d90 is absorbed into DSP remainder_d90.
INFO: [Synth 8-5545] ROM "digit_count" won't be mapped to RAM because address size (32) is larger than maximum supported(25)
INFO: [Synth 8-5845] Not enough pipeline registers after wide multiplier. Recommended levels of pipeline registers is 2 [C:/Users/Emerson/Documents/fpga/project_kintex_miner/project_1/project_1.srcs/sources_1/nonce_bcd_simple.v:35]
DSP Report: Generating DSP remainder_d90, operation Mode is: (A:0xf5e100)*B.
DSP Report: operator remainder_d90 is absorbed into DSP remainder_d90.
DSP Report: operator remainder_d90 is absorbed into DSP remainder_d90.
INFO: [Synth 8-5545] ROM "digit_count" won't be mapped to RAM because address size (32) is larger than maximum supported(25)
INFO: [Synth 8-5845] Not enough pipeline registers after wide multiplier. Recommended levels of pipeline registers is 2 [C:/Users/Emerson/Documents/fpga/project_kintex_miner/project_1/project_1.srcs/sources_1/nonce_bcd_simple.v:35]
DSP Report: Generating DSP remainder_d90, operation Mode is: (A:0xf5e100)*B.
DSP Report: operator remainder_d90 is absorbed into DSP remainder_d90.
DSP Report: operator remainder_d90 is absorbed into DSP remainder_d90.
INFO: [Synth 8-3333] propagating constant 0 across sequential element (\nonce_0_reg[31] )
INFO: [Synth 8-5545] ROM "digit_count" won't be mapped to RAM because address size (32) is larger than maximum supported(25)
INFO: [Synth 8-5845] Not enough pipeline registers after wide multiplier. Recommended levels of pipeline registers is 2 [C:/Users/Emerson/Documents/fpga/project_kintex_miner/project_1/project_1.srcs/sources_1/nonce_bcd_simple.v:35]
DSP Report: Generating DSP remainder_d90, operation Mode is: (A:0xf5e100)*B.
DSP Report: operator remainder_d90 is absorbed into DSP remainder_d90.
DSP Report: operator remainder_d90 is absorbed into DSP remainder_d90.
INFO: [Synth 8-5545] ROM "digit_count" won't be mapped to RAM because address size (32) is larger than maximum supported(25)
INFO: [Synth 8-5845] Not enough pipeline registers after wide multiplier. Recommended levels of pipeline registers is 2 [C:/Users/Emerson/Documents/fpga/project_kintex_miner/project_1/project_1.srcs/sources_1/nonce_bcd_simple.v:35]
DSP Report: Generating DSP remainder_d90, operation Mode is: (A:0xf5e100)*B.
DSP Report: operator remainder_d90 is absorbed into DSP remainder_d90.
DSP Report: operator remainder_d90 is absorbed into DSP remainder_d90.
INFO: [Synth 8-5545] ROM "digit_count" won't be mapped to RAM because address size (32) is larger than maximum supported(25)
INFO: [Synth 8-5845] Not enough pipeline registers after wide multiplier. Recommended levels of pipeline registers is 2 [C:/Users/Emerson/Documents/fpga/project_kintex_miner/project_1/project_1.srcs/sources_1/nonce_bcd_simple.v:35]
DSP Report: Generating DSP remainder_d90, operation Mode is: (A:0xf5e100)*B.
DSP Report: operator remainder_d90 is absorbed into DSP remainder_d90.
DSP Report: operator remainder_d90 is absorbed into DSP remainder_d90.
INFO: [Synth 8-5545] ROM "digit_count" won't be mapped to RAM because address size (32) is larger than maximum supported(25)
INFO: [Synth 8-5845] Not enough pipeline registers after wide multiplier. Recommended levels of pipeline registers is 2 [C:/Users/Emerson/Documents/fpga/project_kintex_miner/project_1/project_1.srcs/sources_1/nonce_bcd_simple.v:35]
DSP Report: Generating DSP remainder_d90, operation Mode is: (A:0xf5e100)*B.
DSP Report: operator remainder_d90 is absorbed into DSP remainder_d90.
DSP Report: operator remainder_d90 is absorbed into DSP remainder_d90.
INFO: [Synth 8-5545] ROM "digit_count" won't be mapped to RAM because address size (32) is larger than maximum supported(25)
INFO: [Synth 8-5845] Not enough pipeline registers after wide multiplier. Recommended levels of pipeline registers is 2 [C:/Users/Emerson/Documents/fpga/project_kintex_miner/project_1/project_1.srcs/sources_1/nonce_bcd_simple.v:35]
DSP Report: Generating DSP remainder_d90, operation Mode is: (A:0xf5e100)*B.
DSP Report: operator remainder_d90 is absorbed into DSP remainder_d90.
DSP Report: operator remainder_d90 is absorbed into DSP remainder_d90.
INFO: [Synth 8-5545] ROM "digit_count" won't be mapped to RAM because address size (32) is larger than maximum supported(25)
INFO: [Synth 8-5845] Not enough pipeline registers after wide multiplier. Recommended levels of pipeline registers is 2 [C:/Users/Emerson/Documents/fpga/project_kintex_miner/project_1/project_1.srcs/sources_1/nonce_bcd_simple.v:35]
DSP Report: Generating DSP remainder_d90, operation Mode is: (A:0xf5e100)*B.
DSP Report: operator remainder_d90 is absorbed into DSP remainder_d90.
DSP Report: operator remainder_d90 is absorbed into DSP remainder_d90.
INFO: [Synth 8-5545] ROM "digit_count" won't be mapped to RAM because address size (32) is larger than maximum supported(25)
INFO: [Synth 8-5845] Not enough pipeline registers after wide multiplier. Recommended levels of pipeline registers is 2 [C:/Users/Emerson/Documents/fpga/project_kintex_miner/project_1/project_1.srcs/sources_1/nonce_bcd_simple.v:35]
DSP Report: Generating DSP remainder_d90, operation Mode is: (A:0xf5e100)*B.
DSP Report: operator remainder_d90 is absorbed into DSP remainder_d90.
DSP Report: operator remainder_d90 is absorbed into DSP remainder_d90.
INFO: [Synth 8-5545] ROM "digit_count" won't be mapped to RAM because address size (32) is larger than maximum supported(25)
INFO: [Synth 8-5845] Not enough pipeline registers after wide multiplier. Recommended levels of pipeline registers is 2 [C:/Users/Emerson/Documents/fpga/project_kintex_miner/project_1/project_1.srcs/sources_1/nonce_bcd_simple.v:35]
DSP Report: Generating DSP remainder_d90, operation Mode is: (A:0xf5e100)*B.
DSP Report: operator remainder_d90 is absorbed into DSP remainder_d90.
DSP Report: operator remainder_d90 is absorbed into DSP remainder_d90.
INFO: [Synth 8-5545] ROM "digit_count" won't be mapped to RAM because address size (32) is larger than maximum supported(25)
INFO: [Synth 8-5845] Not enough pipeline registers after wide multiplier. Recommended levels of pipeline registers is 2 [C:/Users/Emerson/Documents/fpga/project_kintex_miner/project_1/project_1.srcs/sources_1/nonce_bcd_simple.v:35]
DSP Report: Generating DSP remainder_d90, operation Mode is: (A:0xf5e100)*B.
DSP Report: operator remainder_d90 is absorbed into DSP remainder_d90.
DSP Report: operator remainder_d90 is absorbed into DSP remainder_d90.
INFO: [Synth 8-5545] ROM "digit_count" won't be mapped to RAM because address size (32) is larger than maximum supported(25)
INFO: [Synth 8-5845] Not enough pipeline registers after wide multiplier. Recommended levels of pipeline registers is 2 [C:/Users/Emerson/Documents/fpga/project_kintex_miner/project_1/project_1.srcs/sources_1/nonce_bcd_simple.v:35]
DSP Report: Generating DSP remainder_d90, operation Mode is: (A:0xf5e100)*B.
DSP Report: operator remainder_d90 is absorbed into DSP remainder_d90.
DSP Report: operator remainder_d90 is absorbed into DSP remainder_d90.
INFO: [Synth 8-5545] ROM "digit_count" won't be mapped to RAM because address size (32) is larger than maximum supported(25)
INFO: [Synth 8-5845] Not enough pipeline registers after wide multiplier. Recommended levels of pipeline registers is 2 [C:/Users/Emerson/Documents/fpga/project_kintex_miner/project_1/project_1.srcs/sources_1/nonce_bcd_simple.v:35]
DSP Report: Generating DSP remainder_d90, operation Mode is: (A:0xf5e100)*B.
DSP Report: operator remainder_d90 is absorbed into DSP remainder_d90.
DSP Report: operator remainder_d90 is absorbed into DSP remainder_d90.
INFO: [Synth 8-5545] ROM "digit_count" won't be mapped to RAM because address size (32) is larger than maximum supported(25)
INFO: [Synth 8-5845] Not enough pipeline registers after wide multiplier. Recommended levels of pipeline registers is 2 [C:/Users/Emerson/Documents/fpga/project_kintex_miner/project_1/project_1.srcs/sources_1/nonce_bcd_simple.v:35]
DSP Report: Generating DSP remainder_d90, operation Mode is: (A:0xf5e100)*B.
DSP Report: operator remainder_d90 is absorbed into DSP remainder_d90.
DSP Report: operator remainder_d90 is absorbed into DSP remainder_d90.
INFO: [Synth 8-5545] ROM "digit_count" won't be mapped to RAM because address size (32) is larger than maximum supported(25)
INFO: [Synth 8-5845] Not enough pipeline registers after wide multiplier. Recommended levels of pipeline registers is 2 [C:/Users/Emerson/Documents/fpga/project_kintex_miner/project_1/project_1.srcs/sources_1/nonce_bcd_simple.v:35]
DSP Report: Generating DSP remainder_d90, operation Mode is: (A:0xf5e100)*B.
DSP Report: operator remainder_d90 is absorbed into DSP remainder_d90.
DSP Report: operator remainder_d90 is absorbed into DSP remainder_d90.
INFO: [Synth 8-5545] ROM "digit_count" won't be mapped to RAM because address size (32) is larger than maximum supported(25)
INFO: [Synth 8-5845] Not enough pipeline registers after wide multiplier. Recommended levels of pipeline registers is 2 [C:/Users/Emerson/Documents/fpga/project_kintex_miner/project_1/project_1.srcs/sources_1/nonce_bcd_simple.v:35]
DSP Report: Generating DSP remainder_d90, operation Mode is: (A:0xf5e100)*B.
DSP Report: operator remainder_d90 is absorbed into DSP remainder_d90.
DSP Report: operator remainder_d90 is absorbed into DSP remainder_d90.
INFO: [Synth 8-5545] ROM "digit_count" won't be mapped to RAM because address size (32) is larger than maximum supported(25)
INFO: [Synth 8-5845] Not enough pipeline registers after wide multiplier. Recommended levels of pipeline registers is 2 [C:/Users/Emerson/Documents/fpga/project_kintex_miner/project_1/project_1.srcs/sources_1/nonce_bcd_simple.v:35]
DSP Report: Generating DSP remainder_d90, operation Mode is: (A:0xf5e100)*B.
DSP Report: operator remainder_d90 is absorbed into DSP remainder_d90.
DSP Report: operator remainder_d90 is absorbed into DSP remainder_d90.
INFO: [Synth 8-5545] ROM "digit_count" won't be mapped to RAM because address size (32) is larger than maximum supported(25)
INFO: [Synth 8-5845] Not enough pipeline registers after wide multiplier. Recommended levels of pipeline registers is 2 [C:/Users/Emerson/Documents/fpga/project_kintex_miner/project_1/project_1.srcs/sources_1/nonce_bcd_simple.v:35]
DSP Report: Generating DSP remainder_d90, operation Mode is: (A:0xf5e100)*B.
DSP Report: operator remainder_d90 is absorbed into DSP remainder_d90.
DSP Report: operator remainder_d90 is absorbed into DSP remainder_d90.
INFO: [Synth 8-5545] ROM "digit_count" won't be mapped to RAM because address size (32) is larger than maximum supported(25)
INFO: [Synth 8-5845] Not enough pipeline registers after wide multiplier. Recommended levels of pipeline registers is 2 [C:/Users/Emerson/Documents/fpga/project_kintex_miner/project_1/project_1.srcs/sources_1/nonce_bcd_simple.v:35]
DSP Report: Generating DSP remainder_d90, operation Mode is: (A:0xf5e100)*B.
DSP Report: operator remainder_d90 is absorbed into DSP remainder_d90.
DSP Report: operator remainder_d90 is absorbed into DSP remainder_d90.
INFO: [Synth 8-5545] ROM "digit_count" won't be mapped to RAM because address size (32) is larger than maximum supported(25)
INFO: [Synth 8-5845] Not enough pipeline registers after wide multiplier. Recommended levels of pipeline registers is 2 [C:/Users/Emerson/Documents/fpga/project_kintex_miner/project_1/project_1.srcs/sources_1/nonce_bcd_simple.v:35]
DSP Report: Generating DSP remainder_d90, operation Mode is: (A:0xf5e100)*B.
DSP Report: operator remainder_d90 is absorbed into DSP remainder_d90.
DSP Report: operator remainder_d90 is absorbed into DSP remainder_d90.
INFO: [Synth 8-5545] ROM "digit_count" won't be mapped to RAM because address size (32) is larger than maximum supported(25)
INFO: [Synth 8-5845] Not enough pipeline registers after wide multiplier. Recommended levels of pipeline registers is 2 [C:/Users/Emerson/Documents/fpga/project_kintex_miner/project_1/project_1.srcs/sources_1/nonce_bcd_simple.v:35]
DSP Report: Generating DSP remainder_d90, operation Mode is: (A:0xf5e100)*B.
DSP Report: operator remainder_d90 is absorbed into DSP remainder_d90.
DSP Report: operator remainder_d90 is absorbed into DSP remainder_d90.
INFO: [Synth 8-5545] ROM "digit_count" won't be mapped to RAM because address size (32) is larger than maximum supported(25)
INFO: [Synth 8-5845] Not enough pipeline registers after wide multiplier. Recommended levels of pipeline registers is 2 [C:/Users/Emerson/Documents/fpga/project_kintex_miner/project_1/project_1.srcs/sources_1/nonce_bcd_simple.v:35]
DSP Report: Generating DSP remainder_d90, operation Mode is: (A:0xf5e100)*B.
DSP Report: operator remainder_d90 is absorbed into DSP remainder_d90.
DSP Report: operator remainder_d90 is absorbed into DSP remainder_d90.
INFO: [Synth 8-5545] ROM "digit_count" won't be mapped to RAM because address size (32) is larger than maximum supported(25)
INFO: [Synth 8-5845] Not enough pipeline registers after wide multiplier. Recommended levels of pipeline registers is 2 [C:/Users/Emerson/Documents/fpga/project_kintex_miner/project_1/project_1.srcs/sources_1/nonce_bcd_simple.v:35]
DSP Report: Generating DSP remainder_d90, operation Mode is: (A:0xf5e100)*B.
DSP Report: operator remainder_d90 is absorbed into DSP remainder_d90.
DSP Report: operator remainder_d90 is absorbed into DSP remainder_d90.
INFO: [Synth 8-5545] ROM "digit_count" won't be mapped to RAM because address size (32) is larger than maximum supported(25)
INFO: [Synth 8-5845] Not enough pipeline registers after wide multiplier. Recommended levels of pipeline registers is 2 [C:/Users/Emerson/Documents/fpga/project_kintex_miner/project_1/project_1.srcs/sources_1/nonce_bcd_simple.v:35]
DSP Report: Generating DSP remainder_d90, operation Mode is: (A:0xf5e100)*B.
DSP Report: operator remainder_d90 is absorbed into DSP remainder_d90.
DSP Report: operator remainder_d90 is absorbed into DSP remainder_d90.
INFO: [Synth 8-5545] ROM "digit_count" won't be mapped to RAM because address size (32) is larger than maximum supported(25)
INFO: [Synth 8-5845] Not enough pipeline registers after wide multiplier. Recommended levels of pipeline registers is 2 [C:/Users/Emerson/Documents/fpga/project_kintex_miner/project_1/project_1.srcs/sources_1/nonce_bcd_simple.v:35]
DSP Report: Generating DSP remainder_d90, operation Mode is: (A:0xf5e100)*B.
DSP Report: operator remainder_d90 is absorbed into DSP remainder_d90.
DSP Report: operator remainder_d90 is absorbed into DSP remainder_d90.
INFO: [Synth 8-5545] ROM "digit_count" won't be mapped to RAM because address size (32) is larger than maximum supported(25)
INFO: [Synth 8-5845] Not enough pipeline registers after wide multiplier. Recommended levels of pipeline registers is 2 [C:/Users/Emerson/Documents/fpga/project_kintex_miner/project_1/project_1.srcs/sources_1/nonce_bcd_simple.v:35]
DSP Report: Generating DSP remainder_d90, operation Mode is: (A:0xf5e100)*B.
DSP Report: operator remainder_d90 is absorbed into DSP remainder_d90.
DSP Report: operator remainder_d90 is absorbed into DSP remainder_d90.
INFO: [Synth 8-5545] ROM "digit_count" won't be mapped to RAM because address size (32) is larger than maximum supported(25)
INFO: [Synth 8-5845] Not enough pipeline registers after wide multiplier. Recommended levels of pipeline registers is 2 [C:/Users/Emerson/Documents/fpga/project_kintex_miner/project_1/project_1.srcs/sources_1/nonce_bcd_simple.v:35]
DSP Report: Generating DSP remainder_d90, operation Mode is: (A:0xf5e100)*B.
DSP Report: operator remainder_d90 is absorbed into DSP remainder_d90.
DSP Report: operator remainder_d90 is absorbed into DSP remainder_d90.
INFO: [Synth 8-5545] ROM "digit_count" won't be mapped to RAM because address size (32) is larger than maximum supported(25)
INFO: [Synth 8-5845] Not enough pipeline registers after wide multiplier. Recommended levels of pipeline registers is 2 [C:/Users/Emerson/Documents/fpga/project_kintex_miner/project_1/project_1.srcs/sources_1/nonce_bcd_simple.v:35]
DSP Report: Generating DSP remainder_d90, operation Mode is: (A:0xf5e100)*B.
DSP Report: operator remainder_d90 is absorbed into DSP remainder_d90.
DSP Report: operator remainder_d90 is absorbed into DSP remainder_d90.
INFO: [Synth 8-5545] ROM "digit_count" won't be mapped to RAM because address size (32) is larger than maximum supported(25)
INFO: [Synth 8-5845] Not enough pipeline registers after wide multiplier. Recommended levels of pipeline registers is 2 [C:/Users/Emerson/Documents/fpga/project_kintex_miner/project_1/project_1.srcs/sources_1/nonce_bcd_simple.v:35]
DSP Report: Generating DSP remainder_d90, operation Mode is: (A:0xf5e100)*B.
DSP Report: operator remainder_d90 is absorbed into DSP remainder_d90.
DSP Report: operator remainder_d90 is absorbed into DSP remainder_d90.
INFO: [Synth 8-5545] ROM "digit_count" won't be mapped to RAM because address size (32) is larger than maximum supported(25)
INFO: [Synth 8-5845] Not enough pipeline registers after wide multiplier. Recommended levels of pipeline registers is 2 [C:/Users/Emerson/Documents/fpga/project_kintex_miner/project_1/project_1.srcs/sources_1/nonce_bcd_simple.v:35]
DSP Report: Generating DSP remainder_d90, operation Mode is: (A:0xf5e100)*B.
DSP Report: operator remainder_d90 is absorbed into DSP remainder_d90.
DSP Report: operator remainder_d90 is absorbed into DSP remainder_d90.
INFO: [Synth 8-5545] ROM "digit_count" won't be mapped to RAM because address size (32) is larger than maximum supported(25)
INFO: [Synth 8-5845] Not enough pipeline registers after wide multiplier. Recommended levels of pipeline registers is 2 [C:/Users/Emerson/Documents/fpga/project_kintex_miner/project_1/project_1.srcs/sources_1/nonce_bcd_simple.v:35]
DSP Report: Generating DSP remainder_d90, operation Mode is: (A:0xf5e100)*B.
DSP Report: operator remainder_d90 is absorbed into DSP remainder_d90.
DSP Report: operator remainder_d90 is absorbed into DSP remainder_d90.
INFO: [Synth 8-5545] ROM "digit_count" won't be mapped to RAM because address size (32) is larger than maximum supported(25)
INFO: [Synth 8-5845] Not enough pipeline registers after wide multiplier. Recommended levels of pipeline registers is 2 [C:/Users/Emerson/Documents/fpga/project_kintex_miner/project_1/project_1.srcs/sources_1/nonce_bcd_simple.v:35]
DSP Report: Generating DSP remainder_d90, operation Mode is: (A:0xf5e100)*B.
DSP Report: operator remainder_d90 is absorbed into DSP remainder_d90.
DSP Report: operator remainder_d90 is absorbed into DSP remainder_d90.
INFO: [Synth 8-5545] ROM "digit_count" won't be mapped to RAM because address size (32) is larger than maximum supported(25)
INFO: [Synth 8-5845] Not enough pipeline registers after wide multiplier. Recommended levels of pipeline registers is 2 [C:/Users/Emerson/Documents/fpga/project_kintex_miner/project_1/project_1.srcs/sources_1/nonce_bcd_simple.v:35]
DSP Report: Generating DSP remainder_d90, operation Mode is: (A:0xf5e100)*B.
DSP Report: operator remainder_d90 is absorbed into DSP remainder_d90.
DSP Report: operator remainder_d90 is absorbed into DSP remainder_d90.
INFO: [Synth 8-5545] ROM "digit_count" won't be mapped to RAM because address size (32) is larger than maximum supported(25)
INFO: [Synth 8-5845] Not enough pipeline registers after wide multiplier. Recommended levels of pipeline registers is 2 [C:/Users/Emerson/Documents/fpga/project_kintex_miner/project_1/project_1.srcs/sources_1/nonce_bcd_simple.v:35]
DSP Report: Generating DSP remainder_d90, operation Mode is: (A:0xf5e100)*B.
DSP Report: operator remainder_d90 is absorbed into DSP remainder_d90.
DSP Report: operator remainder_d90 is absorbed into DSP remainder_d90.
INFO: [Synth 8-5545] ROM "digit_count" won't be mapped to RAM because address size (32) is larger than maximum supported(25)
INFO: [Synth 8-5845] Not enough pipeline registers after wide multiplier. Recommended levels of pipeline registers is 2 [C:/Users/Emerson/Documents/fpga/project_kintex_miner/project_1/project_1.srcs/sources_1/nonce_bcd_simple.v:35]
DSP Report: Generating DSP remainder_d90, operation Mode is: (A:0xf5e100)*B.
DSP Report: operator remainder_d90 is absorbed into DSP remainder_d90.
DSP Report: operator remainder_d90 is absorbed into DSP remainder_d90.
INFO: [Synth 8-5545] ROM "digit_count" won't be mapped to RAM because address size (32) is larger than maximum supported(25)
INFO: [Synth 8-5845] Not enough pipeline registers after wide multiplier. Recommended levels of pipeline registers is 2 [C:/Users/Emerson/Documents/fpga/project_kintex_miner/project_1/project_1.srcs/sources_1/nonce_bcd_simple.v:35]
DSP Report: Generating DSP remainder_d90, operation Mode is: (A:0xf5e100)*B.
DSP Report: operator remainder_d90 is absorbed into DSP remainder_d90.
DSP Report: operator remainder_d90 is absorbed into DSP remainder_d90.
INFO: [Synth 8-5545] ROM "digit_count" won't be mapped to RAM because address size (32) is larger than maximum supported(25)
INFO: [Synth 8-5845] Not enough pipeline registers after wide multiplier. Recommended levels of pipeline registers is 2 [C:/Users/Emerson/Documents/fpga/project_kintex_miner/project_1/project_1.srcs/sources_1/nonce_bcd_simple.v:35]
DSP Report: Generating DSP remainder_d90, operation Mode is: (A:0xf5e100)*B.
DSP Report: operator remainder_d90 is absorbed into DSP remainder_d90.
DSP Report: operator remainder_d90 is absorbed into DSP remainder_d90.
INFO: [Synth 8-5545] ROM "digit_count" won't be mapped to RAM because address size (32) is larger than maximum supported(25)
INFO: [Synth 8-5845] Not enough pipeline registers after wide multiplier. Recommended levels of pipeline registers is 2 [C:/Users/Emerson/Documents/fpga/project_kintex_miner/project_1/project_1.srcs/sources_1/nonce_bcd_simple.v:35]
DSP Report: Generating DSP remainder_d90, operation Mode is: (A:0xf5e100)*B.
DSP Report: operator remainder_d90 is absorbed into DSP remainder_d90.
DSP Report: operator remainder_d90 is absorbed into DSP remainder_d90.
INFO: [Synth 8-5545] ROM "digit_count" won't be mapped to RAM because address size (32) is larger than maximum supported(25)
INFO: [Synth 8-5845] Not enough pipeline registers after wide multiplier. Recommended levels of pipeline registers is 2 [C:/Users/Emerson/Documents/fpga/project_kintex_miner/project_1/project_1.srcs/sources_1/nonce_bcd_simple.v:35]
DSP Report: Generating DSP remainder_d90, operation Mode is: (A:0xf5e100)*B.
DSP Report: operator remainder_d90 is absorbed into DSP remainder_d90.
DSP Report: operator remainder_d90 is absorbed into DSP remainder_d90.
INFO: [Synth 8-5545] ROM "digit_count" won't be mapped to RAM because address size (32) is larger than maximum supported(25)
INFO: [Synth 8-5845] Not enough pipeline registers after wide multiplier. Recommended levels of pipeline registers is 2 [C:/Users/Emerson/Documents/fpga/project_kintex_miner/project_1/project_1.srcs/sources_1/nonce_bcd_simple.v:35]
DSP Report: Generating DSP remainder_d90, operation Mode is: (A:0xf5e100)*B.
DSP Report: operator remainder_d90 is absorbed into DSP remainder_d90.
DSP Report: operator remainder_d90 is absorbed into DSP remainder_d90.
INFO: [Synth 8-5545] ROM "digit_count" won't be mapped to RAM because address size (32) is larger than maximum supported(25)
INFO: [Synth 8-5845] Not enough pipeline registers after wide multiplier. Recommended levels of pipeline registers is 2 [C:/Users/Emerson/Documents/fpga/project_kintex_miner/project_1/project_1.srcs/sources_1/nonce_bcd_simple.v:35]
DSP Report: Generating DSP remainder_d90, operation Mode is: (A:0xf5e100)*B.
DSP Report: operator remainder_d90 is absorbed into DSP remainder_d90.
DSP Report: operator remainder_d90 is absorbed into DSP remainder_d90.
INFO: [Synth 8-5545] ROM "digit_count" won't be mapped to RAM because address size (32) is larger than maximum supported(25)
INFO: [Synth 8-5845] Not enough pipeline registers after wide multiplier. Recommended levels of pipeline registers is 2 [C:/Users/Emerson/Documents/fpga/project_kintex_miner/project_1/project_1.srcs/sources_1/nonce_bcd_simple.v:35]
DSP Report: Generating DSP remainder_d90, operation Mode is: (A:0xf5e100)*B.
DSP Report: operator remainder_d90 is absorbed into DSP remainder_d90.
DSP Report: operator remainder_d90 is absorbed into DSP remainder_d90.
INFO: [Synth 8-5545] ROM "digit_count" won't be mapped to RAM because address size (32) is larger than maximum supported(25)
INFO: [Synth 8-5845] Not enough pipeline registers after wide multiplier. Recommended levels of pipeline registers is 2 [C:/Users/Emerson/Documents/fpga/project_kintex_miner/project_1/project_1.srcs/sources_1/nonce_bcd_simple.v:35]
DSP Report: Generating DSP remainder_d90, operation Mode is: (A:0xf5e100)*B.
DSP Report: operator remainder_d90 is absorbed into DSP remainder_d90.
DSP Report: operator remainder_d90 is absorbed into DSP remainder_d90.
INFO: [Synth 8-3333] propagating constant 0 across sequential element (\sha1_next_reg[0] )
---------------------------------------------------------------------------------
Finished Cross Boundary and Area Optimization : Time (s): cpu = 00:02:17 ; elapsed = 00:02:43 . Memory (MB): peak = 1387.980 ; gain = 1109.227
---------------------------------------------------------------------------------
---------------------------------------------------------------------------------
Start ROM, RAM, DSP and Shift Register Reporting
---------------------------------------------------------------------------------

DSP: Preliminary Mapping  Report (see note below)
+-----------------+----------------+--------+--------+--------+--------+--------+------+------+------+------+-------+------+------+
|Module Name      | DSP Mapping    | A Size | B Size | C Size | D Size | P Size | AREG | BREG | CREG | DREG | ADREG | MREG | PREG | 
+-----------------+----------------+--------+--------+--------+--------+--------+------+------+------+------+-------+------+------+
|nonce_bcd_simple | (A:0xf5e100)*B | 25     | 5      | -      | -      | 48     | 0    | 0    | -    | -    | -     | 0    | 0    | 
|nonce_bcd_simple | (A:0xf5e100)*B | 25     | 5      | -      | -      | 48     | 0    | 0    | -    | -    | -     | 0    | 0    | 
|nonce_bcd_simple | (A:0xf5e100)*B | 25     | 5      | -      | -      | 48     | 0    | 0    | -    | -    | -     | 0    | 0    | 
|nonce_bcd_simple | (A:0xf5e100)*B | 25     | 5      | -      | -      | 48     | 0    | 0    | -    | -    | -     | 0    | 0    | 
|nonce_bcd_simple | (A:0xf5e100)*B | 25     | 5      | -      | -      | 48     | 0    | 0    | -    | -    | -     | 0    | 0    | 
|nonce_bcd_simple | (A:0xf5e100)*B | 25     | 5      | -      | -      | 48     | 0    | 0    | -    | -    | -     | 0    | 0    | 
|nonce_bcd_simple | (A:0xf5e100)*B | 25     | 5      | -      | -      | 48     | 0    | 0    | -    | -    | -     | 0    | 0    | 
|nonce_bcd_simple | (A:0xf5e100)*B | 25     | 5      | -      | -      | 48     | 0    | 0    | -    | -    | -     | 0    | 0    | 
|nonce_bcd_simple | (A:0xf5e100)*B | 25     | 5      | -      | -      | 48     | 0    | 0    | -    | -    | -     | 0    | 0    | 
|nonce_bcd_simple | (A:0xf5e100)*B | 25     | 5      | -      | -      | 48     | 0    | 0    | -    | -    | -     | 0    | 0    | 
|nonce_bcd_simple | (A:0xf5e100)*B | 25     | 5      | -      | -      | 48     | 0    | 0    | -    | -    | -     | 0    | 0    | 
|nonce_bcd_simple | (A:0xf5e100)*B | 25     | 5      | -      | -      | 48     | 0    | 0    | -    | -    | -     | 0    | 0    | 
|nonce_bcd_simple | (A:0xf5e100)*B | 25     | 5      | -      | -      | 48     | 0    | 0    | -    | -    | -     | 0    | 0    | 
|nonce_bcd_simple | (A:0xf5e100)*B | 25     | 5      | -      | -      | 48     | 0    | 0    | -    | -    | -     | 0    | 0    | 
|nonce_bcd_simple | (A:0xf5e100)*B | 25     | 5      | -      | -      | 48     | 0    | 0    | -    | -    | -     | 0    | 0    | 
|nonce_bcd_simple | (A:0xf5e100)*B | 25     | 5      | -      | -      | 48     | 0    | 0    | -    | -    | -     | 0    | 0    | 
|nonce_bcd_simple | (A:0xf5e100)*B | 25     | 5      | -      | -      | 48     | 0    | 0    | -    | -    | -     | 0    | 0    | 
|nonce_bcd_simple | (A:0xf5e100)*B | 25     | 5      | -      | -      | 48     | 0    | 0    | -    | -    | -     | 0    | 0    | 
|nonce_bcd_simple | (A:0xf5e100)*B | 25     | 5      | -      | -      | 48     | 0    | 0    | -    | -    | -     | 0    | 0    | 
|nonce_bcd_simple | (A:0xf5e100)*B | 25     | 5      | -      | -      | 48     | 0    | 0    | -    | -    | -     | 0    | 0    | 
|nonce_bcd_simple | (A:0xf5e100)*B | 25     | 5      | -      | -      | 48     | 0    | 0    | -    | -    | -     | 0    | 0    | 
|nonce_bcd_simple | (A:0xf5e100)*B | 25     | 5      | -      | -      | 48     | 0    | 0    | -    | -    | -     | 0    | 0    | 
|nonce_bcd_simple | (A:0xf5e100)*B | 25     | 5      | -      | -      | 48     | 0    | 0    | -    | -    | -     | 0    | 0    | 
|nonce_bcd_simple | (A:0xf5e100)*B | 25     | 5      | -      | -      | 48     | 0    | 0    | -    | -    | -     | 0    | 0    | 
|nonce_bcd_simple | (A:0xf5e100)*B | 25     | 5      | -      | -      | 48     | 0    | 0    | -    | -    | -     | 0    | 0    | 
|nonce_bcd_simple | (A:0xf5e100)*B | 25     | 5      | -      | -      | 48     | 0    | 0    | -    | -    | -     | 0    | 0    | 
|nonce_bcd_simple | (A:0xf5e100)*B | 25     | 5      | -      | -      | 48     | 0    | 0    | -    | -    | -     | 0    | 0    | 
|nonce_bcd_simple | (A:0xf5e100)*B | 25     | 5      | -      | -      | 48     | 0    | 0    | -    | -    | -     | 0    | 0    | 
|nonce_bcd_simple | (A:0xf5e100)*B | 25     | 5      | -      | -      | 48     | 0    | 0    | -    | -    | -     | 0    | 0    | 
|nonce_bcd_simple | (A:0xf5e100)*B | 25     | 5      | -      | -      | 48     | 0    | 0    | -    | -    | -     | 0    | 0    | 
|nonce_bcd_simple | (A:0xf5e100)*B | 25     | 5      | -      | -      | 48     | 0    | 0    | -    | -    | -     | 0    | 0    | 
|nonce_bcd_simple | (A:0xf5e100)*B | 25     | 5      | -      | -      | 48     | 0    | 0    | -    | -    | -     | 0    | 0    | 
|nonce_bcd_simple | (A:0xf5e100)*B | 25     | 5      | -      | -      | 48     | 0    | 0    | -    | -    | -     | 0    | 0    | 
|nonce_bcd_simple | (A:0xf5e100)*B | 25     | 5      | -      | -      | 48     | 0    | 0    | -    | -    | -     | 0    | 0    | 
|nonce_bcd_simple | (A:0xf5e100)*B | 25     | 5      | -      | -      | 48     | 0    | 0    | -    | -    | -     | 0    | 0    | 
|nonce_bcd_simple | (A:0xf5e100)*B | 25     | 5      | -      | -      | 48     | 0    | 0    | -    | -    | -     | 0    | 0    | 
|nonce_bcd_simple | (A:0xf5e100)*B | 25     | 5      | -      | -      | 48     | 0    | 0    | -    | -    | -     | 0    | 0    | 
|nonce_bcd_simple | (A:0xf5e100)*B | 25     | 5      | -      | -      | 48     | 0    | 0    | -    | -    | -     | 0    | 0    | 
|nonce_bcd_simple | (A:0xf5e100)*B | 25     | 5      | -      | -      | 48     | 0    | 0    | -    | -    | -     | 0    | 0    | 
|nonce_bcd_simple | (A:0xf5e100)*B | 25     | 5      | -      | -      | 48     | 0    | 0    | -    | -    | -     | 0    | 0    | 
|nonce_bcd_simple | (A:0xf5e100)*B | 25     | 5      | -      | -      | 48     | 0    | 0    | -    | -    | -     | 0    | 0    | 
|nonce_bcd_simple | (A:0xf5e100)*B | 25     | 5      | -      | -      | 48     | 0    | 0    | -    | -    | -     | 0    | 0    | 
|nonce_bcd_simple | (A:0xf5e100)*B | 25     | 5      | -      | -      | 48     | 0    | 0    | -    | -    | -     | 0    | 0    | 
|nonce_bcd_simple | (A:0xf5e100)*B | 25     | 5      | -      | -      | 48     | 0    | 0    | -    | -    | -     | 0    | 0    | 
|nonce_bcd_simple | (A:0xf5e100)*B | 25     | 5      | -      | -      | 48     | 0    | 0    | -    | -    | -     | 0    | 0    | 
|nonce_bcd_simple | (A:0xf5e100)*B | 25     | 5      | -      | -      | 48     | 0    | 0    | -    | -    | -     | 0    | 0    | 
|nonce_bcd_simple | (A:0xf5e100)*B | 25     | 5      | -      | -      | 48     | 0    | 0    | -    | -    | -     | 0    | 0    | 
|nonce_bcd_simple | (A:0xf5e100)*B | 25     | 5      | -      | -      | 48     | 0    | 0    | -    | -    | -     | 0    | 0    | 
|nonce_bcd_simple | (A:0xf5e100)*B | 25     | 5      | -      | -      | 48     | 0    | 0    | -    | -    | -     | 0    | 0    | 
|nonce_bcd_simple | (A:0xf5e100)*B | 25     | 5      | -      | -      | 48     | 0    | 0    | -    | -    | -     | 0    | 0    | 
|nonce_bcd_simple | (A:0xf5e100)*B | 25     | 5      | -      | -      | 48     | 0    | 0    | -    | -    | -     | 0    | 0    | 
|nonce_bcd_simple | (A:0xf5e100)*B | 25     | 5      | -      | -      | 48     | 0    | 0    | -    | -    | -     | 0    | 0    | 
|nonce_bcd_simple | (A:0xf5e100)*B | 25     | 5      | -      | -      | 48     | 0    | 0    | -    | -    | -     | 0    | 0    | 
|nonce_bcd_simple | (A:0xf5e100)*B | 25     | 5      | -      | -      | 48     | 0    | 0    | -    | -    | -     | 0    | 0    | 
|nonce_bcd_simple | (A:0xf5e100)*B | 25     | 5      | -      | -      | 48     | 0    | 0    | -    | -    | -     | 0    | 0    | 
|nonce_bcd_simple | (A:0xf5e100)*B | 25     | 5      | -      | -      | 48     | 0    | 0    | -    | -    | -     | 0    | 0    | 
|nonce_bcd_simple | (A:0xf5e100)*B | 25     | 5      | -      | -      | 48     | 0    | 0    | -    | -    | -     | 0    | 0    | 
|nonce_bcd_simple | (A:0xf5e100)*B | 25     | 5      | -      | -      | 48     | 0    | 0    | -    | -    | -     | 0    | 0    | 
|nonce_bcd_simple | (A:0xf5e100)*B | 25     | 5      | -      | -      | 48     | 0    | 0    | -    | -    | -     | 0    | 0    | 
|nonce_bcd_simple | (A:0xf5e100)*B | 25     | 5      | -      | -      | 48     | 0    | 0    | -    | -    | -     | 0    | 0    | 
|nonce_bcd_simple | (A:0xf5e100)*B | 25     | 5      | -      | -      | 48     | 0    | 0    | -    | -    | -     | 0    | 0    | 
|nonce_bcd_simple | (A:0xf5e100)*B | 25     | 5      | -      | -      | 48     | 0    | 0    | -    | -    | -     | 0    | 0    | 
|nonce_bcd_simple | (A:0xf5e100)*B | 25     | 5      | -      | -      | 48     | 0    | 0    | -    | -    | -     | 0    | 0    | 
|nonce_bcd_simple | (A:0xf5e100)*B | 25     | 5      | -      | -      | 48     | 0    | 0    | -    | -    | -     | 0    | 0    | 
|nonce_bcd_simple | (A:0xf5e100)*B | 25     | 5      | -      | -      | 48     | 0    | 0    | -    | -    | -     | 0    | 0    | 
|nonce_bcd_simple | (A:0xf5e100)*B | 25     | 5      | -      | -      | 48     | 0    | 0    | -    | -    | -     | 0    | 0    | 
|nonce_bcd_simple | (A:0xf5e100)*B | 25     | 5      | -      | -      | 48     | 0    | 0    | -    | -    | -     | 0    | 0    | 
|nonce_bcd_simple | (A:0xf5e100)*B | 25     | 5      | -      | -      | 48     | 0    | 0    | -    | -    | -     | 0    | 0    | 
|nonce_bcd_simple | (A:0xf5e100)*B | 25     | 5      | -      | -      | 48     | 0    | 0    | -    | -    | -     | 0    | 0    | 
|nonce_bcd_simple | (A:0xf5e100)*B | 25     | 5      | -      | -      | 48     | 0    | 0    | -    | -    | -     | 0    | 0    | 
+-----------------+----------------+--------+--------+--------+--------+--------+------+------+------+------+-------+------+------+

Note: The table above is a preliminary report that shows the DSPs inferred at the current stage of the synthesis flow. Some DSP may be reimplemented as non DSP primitives later in the synthesis flow. Multiple instantiated DSPs are reported only once.
---------------------------------------------------------------------------------
Finished ROM, RAM, DSP and Shift Register Reporting
---------------------------------------------------------------------------------

Report RTL Partitions: 
+------+--------------+------------+----------+
|      |RTL Partition |Replication |Instances |
+------+--------------+------------+----------+
|1     |sha1_core     |          70|      5108|
|2     |top__GCB0     |           1|     14629|
|3     |top__GCB1     |           1|     11009|
|4     |top__GCB2     |           1|     11758|
|5     |top__GCB3     |           1|      9573|
|6     |top__GCB4     |           1|     14032|
|7     |top__GCB5     |           1|      9556|
|8     |top__GCB6     |           1|     16480|
|9     |top__GCB7     |           1|     12302|
|10    |top__GCB8     |           1|      8647|
|11    |top__GCB9     |           1|     14297|
|12    |top__GCB10    |           1|     11304|
|13    |top__GCB11    |           1|      6978|
|14    |top__GCB12    |           1|      8338|
|15    |top__GCB13    |           1|     17412|
|16    |top__GCB14    |           1|     18098|
|17    |top__GCB15    |           1|     16343|
+------+--------------+------------+----------+
---------------------------------------------------------------------------------
Start Applying XDC Timing Constraints
---------------------------------------------------------------------------------
---------------------------------------------------------------------------------
Finished Applying XDC Timing Constraints : Time (s): cpu = 00:02:39 ; elapsed = 00:03:09 . Memory (MB): peak = 1387.980 ; gain = 1109.227
---------------------------------------------------------------------------------
---------------------------------------------------------------------------------
Start Timing Optimization
---------------------------------------------------------------------------------
---------------------------------------------------------------------------------
Finished Timing Optimization : Time (s): cpu = 00:02:45 ; elapsed = 00:03:15 . Memory (MB): peak = 1387.980 ; gain = 1109.227
---------------------------------------------------------------------------------

Report RTL Partitions: 
+------+--------------+------------+----------+
|      |RTL Partition |Replication |Instances |
+------+--------------+------------+----------+
|1     |sha1_core     |          70|      4978|
|2     |top__GCB0     |           1|     14585|
|3     |top__GCB1     |           1|     11009|
|4     |top__GCB2     |           1|     11722|
|5     |top__GCB3     |           1|      9561|
|6     |top__GCB4     |           1|     14032|
|7     |top__GCB5     |           1|      9556|
|8     |top__GCB6     |           1|     16479|
|9     |top__GCB7     |           1|     12264|
|10    |top__GCB8     |           1|      8647|
|11    |top__GCB9     |           1|     14260|
|12    |top__GCB10    |           1|     11304|
|13    |top__GCB11    |           1|      6917|
|14    |top__GCB12    |           1|      8332|
|15    |top__GCB13    |           1|     17366|
|16    |top__GCB14    |           1|     18098|
|17    |top__GCB15    |           1|     16343|
+------+--------------+------------+----------+
---------------------------------------------------------------------------------
Start Technology Mapping
---------------------------------------------------------------------------------
---------------------------------------------------------------------------------
Finished Technology Mapping : Time (s): cpu = 00:03:28 ; elapsed = 00:04:00 . Memory (MB): peak = 1387.980 ; gain = 1109.227
---------------------------------------------------------------------------------

Report RTL Partitions: 
+------+--------------+------------+----------+
|      |RTL Partition |Replication |Instances |
+------+--------------+------------+----------+
|1     |sha1_core     |           1|      2345|
|2     |top__GCB0     |           1|      7551|
|3     |top__GCB1     |           1|      5784|
|4     |top__GCB2     |           1|      6015|
|5     |top__GCB3     |           1|      5146|
|6     |top__GCB4     |           1|      7278|
|7     |top__GCB5     |           1|      4961|
|8     |top__GCB6     |           1|      8554|
|9     |top__GCB7     |           1|      6337|
|10    |top__GCB8     |           1|      4547|
|11    |top__GCB9     |           1|      7412|
|12    |top__GCB10    |           1|      5872|
|13    |top__GCB11    |           1|      3401|
|14    |top__GCB12    |           1|      4400|
|15    |top__GCB13    |           1|      9145|
|16    |top__GCB14    |           1|      9034|
|17    |top__GCB15    |           1|      8331|
|18    |sha1_core__1  |           1|      2345|
|19    |sha1_core__2  |           1|      2345|
|20    |sha1_core__3  |           1|      2345|
|21    |sha1_core__4  |           1|      2345|
|22    |sha1_core__5  |           1|      2345|
|23    |sha1_core__6  |           1|      2345|
|24    |sha1_core__7  |           1|      2345|
|25    |sha1_core__8  |           1|      2345|
|26    |sha1_core__9  |           1|      2345|
|27    |sha1_core__10 |           1|      2345|
|28    |sha1_core__11 |           1|      2345|
|29    |sha1_core__12 |           1|      2345|
|30    |sha1_core__13 |           1|      2345|
|31    |sha1_core__14 |           1|      2345|
|32    |sha1_core__15 |           1|      2345|
|33    |sha1_core__16 |           1|      2345|
|34    |sha1_core__17 |           1|      2345|
|35    |sha1_core__18 |           1|      2345|
|36    |sha1_core__19 |           1|      2345|
|37    |sha1_core__20 |           1|      2345|
|38    |sha1_core__21 |           1|      2345|
|39    |sha1_core__22 |           1|      2345|
|40    |sha1_core__23 |           1|      2345|
|41    |sha1_core__24 |           1|      2345|
|42    |sha1_core__25 |           1|      2345|
|43    |sha1_core__26 |           1|      2345|
|44    |sha1_core__27 |           1|      2345|
|45    |sha1_core__28 |           1|      2345|
|46    |sha1_core__29 |           1|      2345|
|47    |sha1_core__30 |           1|      2345|
|48    |sha1_core__31 |           1|      2345|
|49    |sha1_core__32 |           1|      2345|
|50    |sha1_core__33 |           1|      2345|
|51    |sha1_core__34 |           1|      2345|
|52    |sha1_core__35 |           1|      2345|
|53    |sha1_core__36 |           1|      2345|
|54    |sha1_core__37 |           1|      2345|
|55    |sha1_core__38 |           1|      2345|
|56    |sha1_core__39 |           1|      2345|
|57    |sha1_core__40 |           1|      2345|
|58    |sha1_core__41 |           1|      2345|
|59    |sha1_core__42 |           1|      2345|
|60    |sha1_core__43 |           1|      2345|
|61    |sha1_core__44 |           1|      2345|
|62    |sha1_core__45 |           1|      2345|
|63    |sha1_core__46 |           1|      2345|
|64    |sha1_core__47 |           1|      2345|
|65    |sha1_core__48 |           1|      2345|
|66    |sha1_core__49 |           1|      2345|
|67    |sha1_core__50 |           1|      2345|
|68    |sha1_core__51 |           1|      2345|
|69    |sha1_core__52 |           1|      2345|
|70    |sha1_core__53 |           1|      2345|
|71    |sha1_core__54 |           1|      2345|
|72    |sha1_core__55 |           1|      2345|
|73    |sha1_core__56 |           1|      2345|
|74    |sha1_core__57 |           1|      2345|
|75    |sha1_core__58 |           1|      2345|
|76    |sha1_core__59 |           1|      2345|
|77    |sha1_core__60 |           1|      2345|
|78    |sha1_core__61 |           1|      2345|
|79    |sha1_core__62 |           1|      2345|
|80    |sha1_core__63 |           1|      2345|
|81    |sha1_core__64 |           1|      2345|
|82    |sha1_core__65 |           1|      2345|
|83    |sha1_core__66 |           1|      2345|
|84    |sha1_core__67 |           1|      2345|
|85    |sha1_core__68 |           1|      2345|
|86    |sha1_core__69 |           1|      2345|
+------+--------------+------------+----------+
---------------------------------------------------------------------------------
Start IO Insertion
---------------------------------------------------------------------------------
---------------------------------------------------------------------------------
Start Flattening Before IO Insertion
---------------------------------------------------------------------------------
---------------------------------------------------------------------------------
Finished Flattening Before IO Insertion
---------------------------------------------------------------------------------
---------------------------------------------------------------------------------
Start Final Netlist Cleanup
---------------------------------------------------------------------------------
---------------------------------------------------------------------------------
Finished Final Netlist Cleanup
---------------------------------------------------------------------------------
---------------------------------------------------------------------------------
Finished IO Insertion : Time (s): cpu = 00:03:55 ; elapsed = 00:04:29 . Memory (MB): peak = 1551.887 ; gain = 1273.133
---------------------------------------------------------------------------------

Report Check Netlist: 
+------+------------------+-------+---------+-------+------------------+
|      |Item              |Errors |Warnings |Status |Description       |
+------+------------------+-------+---------+-------+------------------+
|1     |multi_driven_nets |      0|        0|Passed |Multi driven nets |
+------+------------------+-------+---------+-------+------------------+
---------------------------------------------------------------------------------
Start Renaming Generated Instances
---------------------------------------------------------------------------------
---------------------------------------------------------------------------------
Finished Renaming Generated Instances : Time (s): cpu = 00:03:57 ; elapsed = 00:04:31 . Memory (MB): peak = 1551.887 ; gain = 1273.133
---------------------------------------------------------------------------------

Report RTL Partitions: 
+-+--------------+------------+----------+
| |RTL Partition |Replication |Instances |
+-+--------------+------------+----------+
+-+--------------+------------+----------+
---------------------------------------------------------------------------------
Start Rebuilding User Hierarchy
---------------------------------------------------------------------------------
---------------------------------------------------------------------------------
Finished Rebuilding User Hierarchy : Time (s): cpu = 00:04:11 ; elapsed = 00:04:45 . Memory (MB): peak = 1551.887 ; gain = 1273.133
---------------------------------------------------------------------------------
---------------------------------------------------------------------------------
Start Renaming Generated Ports
---------------------------------------------------------------------------------
---------------------------------------------------------------------------------
Finished Renaming Generated Ports : Time (s): cpu = 00:04:17 ; elapsed = 00:04:51 . Memory (MB): peak = 1551.887 ; gain = 1273.133
---------------------------------------------------------------------------------
---------------------------------------------------------------------------------
Start Handling Custom Attributes
---------------------------------------------------------------------------------
---------------------------------------------------------------------------------
Finished Handling Custom Attributes : Time (s): cpu = 00:04:42 ; elapsed = 00:05:17 . Memory (MB): peak = 1551.887 ; gain = 1273.133
---------------------------------------------------------------------------------
---------------------------------------------------------------------------------
Start Renaming Generated Nets
---------------------------------------------------------------------------------
---------------------------------------------------------------------------------
Finished Renaming Generated Nets : Time (s): cpu = 00:04:42 ; elapsed = 00:05:17 . Memory (MB): peak = 1551.887 ; gain = 1273.133
---------------------------------------------------------------------------------
---------------------------------------------------------------------------------
Start Writing Synthesis Report
---------------------------------------------------------------------------------

Report BlackBoxes: 
+-+--------------+----------+
| |BlackBox name |Instances |
+-+--------------+----------+
+-+--------------+----------+

Report Cell Usage: 
+------+--------+------+
|      |Cell    |Count |
+------+--------+------+
|1     |BUFG    |     1|
|2     |CARRY4  | 13872|
|3     |DSP48E1 |    70|
|4     |LUT1    |  7802|
|5     |LUT2    | 36079|
|6     |LUT3    | 21168|
|7     |LUT4    | 19308|
|8     |LUT5    | 25117|
|9     |LUT6    | 69505|
|10    |MUXF7   |  5038|
|11    |MUXF8   |  2364|
|12    |FDCE    | 59552|
|13    |FDPE    |     3|
|14    |FDRE    | 11956|
|15    |IBUF    |     3|
|16    |OBUF    |     3|
+------+--------+------+

Report Instance Areas: 
+------+----------------------------+--------------------+-------+
|      |Instance                    |Module              |Cells  |
+------+----------------------------+--------------------+-------+
|1     |top                         |                    | 271841|
|2     |  \bcd_loop[0].bcd_inst     |nonce_bcd_simple    |    214|
|3     |  \bcd_loop[10].bcd_inst    |nonce_bcd_simple_0  |    209|
|4     |  \bcd_loop[11].bcd_inst    |nonce_bcd_simple_1  |     97|
|5     |  \bcd_loop[12].bcd_inst    |nonce_bcd_simple_2  |    209|
|6     |  \bcd_loop[13].bcd_inst    |nonce_bcd_simple_3  |    209|
|7     |  \bcd_loop[14].bcd_inst    |nonce_bcd_simple_4  |    215|
|8     |  \bcd_loop[15].bcd_inst    |nonce_bcd_simple_5  |    215|
|9     |  \bcd_loop[16].bcd_inst    |nonce_bcd_simple_6  |    226|
|10    |  \bcd_loop[17].bcd_inst    |nonce_bcd_simple_7  |    161|
|11    |  \bcd_loop[18].bcd_inst    |nonce_bcd_simple_8  |    215|
|12    |  \bcd_loop[19].bcd_inst    |nonce_bcd_simple_9  |     97|
|13    |  \bcd_loop[1].bcd_inst     |nonce_bcd_simple_10 |    215|
|14    |  \bcd_loop[20].bcd_inst    |nonce_bcd_simple_11 |    215|
|15    |  \bcd_loop[21].bcd_inst    |nonce_bcd_simple_12 |    226|
|16    |  \bcd_loop[22].bcd_inst    |nonce_bcd_simple_13 |    209|
|17    |  \bcd_loop[23].bcd_inst    |nonce_bcd_simple_14 |     85|
|18    |  \bcd_loop[24].bcd_inst    |nonce_bcd_simple_15 |    209|
|19    |  \bcd_loop[25].bcd_inst    |nonce_bcd_simple_16 |    209|
|20    |  \bcd_loop[26].bcd_inst    |nonce_bcd_simple_17 |    226|
|21    |  \bcd_loop[27].bcd_inst    |nonce_bcd_simple_18 |     97|
|22    |  \bcd_loop[28].bcd_inst    |nonce_bcd_simple_19 |    209|
|23    |  \bcd_loop[29].bcd_inst    |nonce_bcd_simple_20 |    209|
|24    |  \bcd_loop[2].bcd_inst     |nonce_bcd_simple_21 |    215|
|25    |  \bcd_loop[30].bcd_inst    |nonce_bcd_simple_22 |    209|
|26    |  \bcd_loop[31].bcd_inst    |nonce_bcd_simple_23 |    209|
|27    |  \bcd_loop[32].bcd_inst    |nonce_bcd_simple_24 |    209|
|28    |  \bcd_loop[33].bcd_inst    |nonce_bcd_simple_25 |    209|
|29    |  \bcd_loop[34].bcd_inst    |nonce_bcd_simple_26 |    215|
|30    |  \bcd_loop[35].bcd_inst    |nonce_bcd_simple_27 |    107|
|31    |  \bcd_loop[36].bcd_inst    |nonce_bcd_simple_28 |    215|
|32    |  \bcd_loop[37].bcd_inst    |nonce_bcd_simple_29 |    215|
|33    |  \bcd_loop[38].bcd_inst    |nonce_bcd_simple_30 |    215|
|34    |  \bcd_loop[39].bcd_inst    |nonce_bcd_simple_31 |    107|
|35    |  \bcd_loop[3].bcd_inst     |nonce_bcd_simple_32 |     85|
|36    |  \bcd_loop[40].bcd_inst    |nonce_bcd_simple_33 |    215|
|37    |  \bcd_loop[41].bcd_inst    |nonce_bcd_simple_34 |    215|
|38    |  \bcd_loop[42].bcd_inst    |nonce_bcd_simple_35 |    215|
|39    |  \bcd_loop[43].bcd_inst    |nonce_bcd_simple_36 |    215|
|40    |  \bcd_loop[44].bcd_inst    |nonce_bcd_simple_37 |    161|
|41    |  \bcd_loop[45].bcd_inst    |nonce_bcd_simple_38 |    161|
|42    |  \bcd_loop[46].bcd_inst    |nonce_bcd_simple_39 |    209|
|43    |  \bcd_loop[47].bcd_inst    |nonce_bcd_simple_40 |    209|
|44    |  \bcd_loop[48].bcd_inst    |nonce_bcd_simple_41 |    161|
|45    |  \bcd_loop[49].bcd_inst    |nonce_bcd_simple_42 |    161|
|46    |  \bcd_loop[4].bcd_inst     |nonce_bcd_simple_43 |    215|
|47    |  \bcd_loop[50].bcd_inst    |nonce_bcd_simple_44 |    215|
|48    |  \bcd_loop[51].bcd_inst    |nonce_bcd_simple_45 |    215|
|49    |  \bcd_loop[52].bcd_inst    |nonce_bcd_simple_46 |    215|
|50    |  \bcd_loop[53].bcd_inst    |nonce_bcd_simple_47 |    215|
|51    |  \bcd_loop[54].bcd_inst    |nonce_bcd_simple_48 |    215|
|52    |  \bcd_loop[55].bcd_inst    |nonce_bcd_simple_49 |    215|
|53    |  \bcd_loop[56].bcd_inst    |nonce_bcd_simple_50 |    161|
|54    |  \bcd_loop[57].bcd_inst    |nonce_bcd_simple_51 |    161|
|55    |  \bcd_loop[58].bcd_inst    |nonce_bcd_simple_52 |    215|
|56    |  \bcd_loop[59].bcd_inst    |nonce_bcd_simple_53 |    215|
|57    |  \bcd_loop[5].bcd_inst     |nonce_bcd_simple_54 |    215|
|58    |  \bcd_loop[60].bcd_inst    |nonce_bcd_simple_55 |    215|
|59    |  \bcd_loop[61].bcd_inst    |nonce_bcd_simple_56 |    215|
|60    |  \bcd_loop[62].bcd_inst    |nonce_bcd_simple_57 |    215|
|61    |  \bcd_loop[63].bcd_inst    |nonce_bcd_simple_58 |    215|
|62    |  \bcd_loop[64].bcd_inst    |nonce_bcd_simple_59 |    215|
|63    |  \bcd_loop[65].bcd_inst    |nonce_bcd_simple_60 |    215|
|64    |  \bcd_loop[66].bcd_inst    |nonce_bcd_simple_61 |    215|
|65    |  \bcd_loop[67].bcd_inst    |nonce_bcd_simple_62 |    215|
|66    |  \bcd_loop[68].bcd_inst    |nonce_bcd_simple_63 |    215|
|67    |  \bcd_loop[69].bcd_inst    |nonce_bcd_simple_64 |    215|
|68    |  \bcd_loop[6].bcd_inst     |nonce_bcd_simple_65 |    215|
|69    |  \bcd_loop[7].bcd_inst     |nonce_bcd_simple_66 |     97|
|70    |  \bcd_loop[8].bcd_inst     |nonce_bcd_simple_67 |    215|
|71    |  \bcd_loop[9].bcd_inst     |nonce_bcd_simple_68 |    209|
|72    |  \sha1_loop[0].sha1_inst   |sha1_core           |   2927|
|73    |    w_mem_inst              |sha1_w_mem_206      |   1923|
|74    |  \sha1_loop[10].sha1_inst  |sha1_core_69        |   2956|
|75    |    w_mem_inst              |sha1_w_mem_205      |   1952|
|76    |  \sha1_loop[11].sha1_inst  |sha1_core_70        |   3068|
|77    |    w_mem_inst              |sha1_w_mem_204      |   2064|
|78    |  \sha1_loop[12].sha1_inst  |sha1_core_71        |   2957|
|79    |    w_mem_inst              |sha1_w_mem_203      |   1952|
|80    |  \sha1_loop[13].sha1_inst  |sha1_core_72        |   2956|
|81    |    w_mem_inst              |sha1_w_mem_202      |   1952|
|82    |  \sha1_loop[14].sha1_inst  |sha1_core_73        |   2937|
|83    |    w_mem_inst              |sha1_w_mem_201      |   1934|
|84    |  \sha1_loop[15].sha1_inst  |sha1_core_74        |   2938|
|85    |    w_mem_inst              |sha1_w_mem_200      |   1934|
|86    |  \sha1_loop[16].sha1_inst  |sha1_core_75        |   2914|
|87    |    w_mem_inst              |sha1_w_mem_199      |   1910|
|88    |  \sha1_loop[17].sha1_inst  |sha1_core_76        |   3037|
|89    |    w_mem_inst              |sha1_w_mem_198      |   2033|
|90    |  \sha1_loop[18].sha1_inst  |sha1_core_77        |   2939|
|91    |    w_mem_inst              |sha1_w_mem_197      |   1934|
|92    |  \sha1_loop[19].sha1_inst  |sha1_core_78        |   3068|
|93    |    w_mem_inst              |sha1_w_mem_196      |   2064|
|94    |  \sha1_loop[1].sha1_inst   |sha1_core_79        |   2946|
|95    |    w_mem_inst              |sha1_w_mem_195      |   1942|
|96    |  \sha1_loop[20].sha1_inst  |sha1_core_80        |   2938|
|97    |    w_mem_inst              |sha1_w_mem_194      |   1934|
|98    |  \sha1_loop[21].sha1_inst  |sha1_core_81        |   2905|
|99    |    w_mem_inst              |sha1_w_mem_193      |   1901|
|100   |  \sha1_loop[22].sha1_inst  |sha1_core_82        |   2955|
|101   |    w_mem_inst              |sha1_w_mem_192      |   1952|
|102   |  \sha1_loop[23].sha1_inst  |sha1_core_83        |   3054|
|103   |    w_mem_inst              |sha1_w_mem_191      |   2042|
|104   |  \sha1_loop[24].sha1_inst  |sha1_core_84        |   2957|
|105   |    w_mem_inst              |sha1_w_mem_190      |   1952|
|106   |  \sha1_loop[25].sha1_inst  |sha1_core_85        |   2956|
|107   |    w_mem_inst              |sha1_w_mem_189      |   1952|
|108   |  \sha1_loop[26].sha1_inst  |sha1_core_86        |   2905|
|109   |    w_mem_inst              |sha1_w_mem_188      |   1901|
|110   |  \sha1_loop[27].sha1_inst  |sha1_core_87        |   3069|
|111   |    w_mem_inst              |sha1_w_mem_187      |   2065|
|112   |  \sha1_loop[28].sha1_inst  |sha1_core_88        |   2967|
|113   |    w_mem_inst              |sha1_w_mem_186      |   1963|
|114   |  \sha1_loop[29].sha1_inst  |sha1_core_89        |   2970|
|115   |    w_mem_inst              |sha1_w_mem_185      |   1966|
|116   |  \sha1_loop[2].sha1_inst   |sha1_core_90        |   2938|
|117   |    w_mem_inst              |sha1_w_mem_184      |   1934|
|118   |  \sha1_loop[30].sha1_inst  |sha1_core_91        |   2956|
|119   |    w_mem_inst              |sha1_w_mem_183      |   1952|
|120   |  \sha1_loop[31].sha1_inst  |sha1_core_92        |   2956|
|121   |    w_mem_inst              |sha1_w_mem_182      |   1952|
|122   |  \sha1_loop[32].sha1_inst  |sha1_core_93        |   2956|
|123   |    w_mem_inst              |sha1_w_mem_181      |   1952|
|124   |  \sha1_loop[33].sha1_inst  |sha1_core_94        |   2966|
|125   |    w_mem_inst              |sha1_w_mem_180      |   1962|
|126   |  \sha1_loop[34].sha1_inst  |sha1_core_95        |   2938|
|127   |    w_mem_inst              |sha1_w_mem_179      |   1934|
|128   |  \sha1_loop[35].sha1_inst  |sha1_core_96        |   3046|
|129   |    w_mem_inst              |sha1_w_mem_178      |   2042|
|130   |  \sha1_loop[36].sha1_inst  |sha1_core_97        |   2950|
|131   |    w_mem_inst              |sha1_w_mem_177      |   1944|
|132   |  \sha1_loop[37].sha1_inst  |sha1_core_98        |   2938|
|133   |    w_mem_inst              |sha1_w_mem_176      |   1934|
|134   |  \sha1_loop[38].sha1_inst  |sha1_core_99        |   2937|
|135   |    w_mem_inst              |sha1_w_mem_175      |   1934|
|136   |  \sha1_loop[39].sha1_inst  |sha1_core_100       |   3047|
|137   |    w_mem_inst              |sha1_w_mem_174      |   2042|
|138   |  \sha1_loop[3].sha1_inst   |sha1_core_101       |   3047|
|139   |    w_mem_inst              |sha1_w_mem_173      |   2043|
|140   |  \sha1_loop[40].sha1_inst  |sha1_core_102       |   2938|
|141   |    w_mem_inst              |sha1_w_mem_172      |   1934|
|142   |  \sha1_loop[41].sha1_inst  |sha1_core_103       |   2948|
|143   |    w_mem_inst              |sha1_w_mem_171      |   1944|
|144   |  \sha1_loop[42].sha1_inst  |sha1_core_104       |   2939|
|145   |    w_mem_inst              |sha1_w_mem_170      |   1934|
|146   |  \sha1_loop[43].sha1_inst  |sha1_core_105       |   2938|
|147   |    w_mem_inst              |sha1_w_mem_169      |   1934|
|148   |  \sha1_loop[44].sha1_inst  |sha1_core_106       |   3037|
|149   |    w_mem_inst              |sha1_w_mem_168      |   2033|
|150   |  \sha1_loop[45].sha1_inst  |sha1_core_107       |   3037|
|151   |    w_mem_inst              |sha1_w_mem_167      |   2033|
|152   |  \sha1_loop[46].sha1_inst  |sha1_core_108       |   2955|
|153   |    w_mem_inst              |sha1_w_mem_166      |   1952|
|154   |  \sha1_loop[47].sha1_inst  |sha1_core_109       |   2956|
|155   |    w_mem_inst              |sha1_w_mem_165      |   1952|
|156   |  \sha1_loop[48].sha1_inst  |sha1_core_110       |   3047|
|157   |    w_mem_inst              |sha1_w_mem_164      |   2042|
|158   |  \sha1_loop[49].sha1_inst  |sha1_core_111       |   3047|
|159   |    w_mem_inst              |sha1_w_mem_163      |   2043|
|160   |  \sha1_loop[4].sha1_inst   |sha1_core_112       |   2938|
|161   |    w_mem_inst              |sha1_w_mem_162      |   1934|
|162   |  \sha1_loop[50].sha1_inst  |sha1_core_113       |   2938|
|163   |    w_mem_inst              |sha1_w_mem_161      |   1934|
|164   |  \sha1_loop[51].sha1_inst  |sha1_core_114       |   2938|
|165   |    w_mem_inst              |sha1_w_mem_160      |   1934|
|166   |  \sha1_loop[52].sha1_inst  |sha1_core_115       |   2952|
|167   |    w_mem_inst              |sha1_w_mem_159      |   1948|
|168   |  \sha1_loop[53].sha1_inst  |sha1_core_116       |   2938|
|169   |    w_mem_inst              |sha1_w_mem_158      |   1934|
|170   |  \sha1_loop[54].sha1_inst  |sha1_core_117       |   2938|
|171   |    w_mem_inst              |sha1_w_mem_157      |   1934|
|172   |  \sha1_loop[55].sha1_inst  |sha1_core_118       |   2939|
|173   |    w_mem_inst              |sha1_w_mem_156      |   1934|
|174   |  \sha1_loop[56].sha1_inst  |sha1_core_119       |   3037|
|175   |    w_mem_inst              |sha1_w_mem_155      |   2033|
|176   |  \sha1_loop[57].sha1_inst  |sha1_core_120       |   3037|
|177   |    w_mem_inst              |sha1_w_mem_154      |   2033|
|178   |  \sha1_loop[58].sha1_inst  |sha1_core_121       |   2938|
|179   |    w_mem_inst              |sha1_w_mem_153      |   1934|
|180   |  \sha1_loop[59].sha1_inst  |sha1_core_122       |   2938|
|181   |    w_mem_inst              |sha1_w_mem_152      |   1934|
|182   |  \sha1_loop[5].sha1_inst   |sha1_core_123       |   2938|
|183   |    w_mem_inst              |sha1_w_mem_151      |   1934|
|184   |  \sha1_loop[60].sha1_inst  |sha1_core_124       |   2939|
|185   |    w_mem_inst              |sha1_w_mem_150      |   1934|
|186   |  \sha1_loop[61].sha1_inst  |sha1_core_125       |   2938|
|187   |    w_mem_inst              |sha1_w_mem_149      |   1934|
|188   |  \sha1_loop[62].sha1_inst  |sha1_core_126       |   2950|
|189   |    w_mem_inst              |sha1_w_mem_148      |   1947|
|190   |  \sha1_loop[63].sha1_inst  |sha1_core_127       |   2938|
|191   |    w_mem_inst              |sha1_w_mem_147      |   1934|
|192   |  \sha1_loop[64].sha1_inst  |sha1_core_128       |   2947|
|193   |    w_mem_inst              |sha1_w_mem_146      |   1943|
|194   |  \sha1_loop[65].sha1_inst  |sha1_core_129       |   2947|
|195   |    w_mem_inst              |sha1_w_mem_145      |   1943|
|196   |  \sha1_loop[66].sha1_inst  |sha1_core_130       |   2941|
|197   |    w_mem_inst              |sha1_w_mem_144      |   1934|
|198   |  \sha1_loop[67].sha1_inst  |sha1_core_131       |   2938|
|199   |    w_mem_inst              |sha1_w_mem_143      |   1934|
|200   |  \sha1_loop[68].sha1_inst  |sha1_core_132       |   2939|
|201   |    w_mem_inst              |sha1_w_mem_142      |   1935|
|202   |  \sha1_loop[69].sha1_inst  |sha1_core_133       |   2938|
|203   |    w_mem_inst              |sha1_w_mem_141      |   1934|
|204   |  \sha1_loop[6].sha1_inst   |sha1_core_134       |   2941|
|205   |    w_mem_inst              |sha1_w_mem_140      |   1934|
|206   |  \sha1_loop[7].sha1_inst   |sha1_core_135       |   3068|
|207   |    w_mem_inst              |sha1_w_mem_139      |   2064|
|208   |  \sha1_loop[8].sha1_inst   |sha1_core_136       |   2938|
|209   |    w_mem_inst              |sha1_w_mem_138      |   1934|
|210   |  \sha1_loop[9].sha1_inst   |sha1_core_137       |   2956|
|211   |    w_mem_inst              |sha1_w_mem          |   1952|
|212   |  uart_rx_inst              |uart_rx             |    100|
|213   |  uart_tx_inst              |uart_tx             |     80|
+------+----------------------------+--------------------+-------+
---------------------------------------------------------------------------------
Finished Writing Synthesis Report : Time (s): cpu = 00:04:43 ; elapsed = 00:05:17 . Memory (MB): peak = 1551.887 ; gain = 1273.133
---------------------------------------------------------------------------------
Synthesis finished with 0 errors, 0 critical warnings and 0 warnings.
Synthesis Optimization Runtime : Time (s): cpu = 00:04:07 ; elapsed = 00:04:50 . Memory (MB): peak = 1551.887 ; gain = 421.027
Synthesis Optimization Complete : Time (s): cpu = 00:04:43 ; elapsed = 00:05:19 . Memory (MB): peak = 1551.887 ; gain = 1273.133
INFO: [Project 1-571] Translating synthesized netlist
INFO: [Netlist 29-17] Analyzing 21347 Unisim elements for replacement
INFO: [Netlist 29-28] Unisim Transformation completed in 1 CPU seconds
INFO: [Project 1-570] Preparing netlist for logic optimization
INFO: [Opt 31-138] Pushed 0 inverter(s) to 0 load pin(s).
INFO: [Project 1-111] Unisim Transformation Summary:
No Unisim elements were transformed.

INFO: [Common 17-83] Releasing license: Synthesis
413 Infos, 182 Warnings, 2 Critical Warnings and 0 Errors encountered.
synth_design completed successfully
synth_design: Time (s): cpu = 00:05:16 ; elapsed = 00:05:54 . Memory (MB): peak = 1661.684 ; gain = 1396.238
WARNING: [Constraints 18-5210] No constraint will be written out.
INFO: [Common 17-1381] The checkpoint 'C:/Users/Emerson/Documents/fpga/project_kintex_miner/project_1/project_1.runs/synth_1/top.dcp' has been generated.
write_checkpoint: Time (s): cpu = 00:00:27 ; elapsed = 00:00:22 . Memory (MB): peak = 1661.684 ; gain = 0.000
INFO: [runtcl-4] Executing : report_utilization -file top_utilization_synth.rpt -pb top_utilization_synth.pb
report_utilization: Time (s): cpu = 00:00:01 ; elapsed = 00:00:01 . Memory (MB): peak = 1661.684 ; gain = 0.000
INFO: [Common 17-206] Exiting Vivado at Sat May 16 14:37:50 2026...
